<?xml version="1.0" encoding="utf-8"?>
<?xml-stylesheet type="text/css" href="../additional_files/bootstrap.simplify.min.css"?>
<?xml-stylesheet type="text/css" href="../additional_files/sh_typical.min.css"?>
	
<template>
<title>点类 (二维向量)</title>
<pre class="sh_sourceCode"><code class="sh_cpp"><span class="sh_keyword">struct</span><span class="sh_normal"> </span><span class="sh_classname">vec2</span><span class="sh_cbracket">{</span>
	<span class="sh_type">double</span> x<span class="sh_symbol">,</span> y<span class="sh_symbol">;</span>
	<span class="sh_function">vec2</span> <span class="sh_symbol">(</span><span class="sh_type">double</span> x0 <span class="sh_symbol">=</span> <span class="sh_number">0.0</span><span class="sh_symbol">,</span> <span class="sh_type">double</span> y0 <span class="sh_symbol">=</span> <span class="sh_number">0.0</span><span class="sh_symbol">):</span> <span class="sh_function">x</span><span class="sh_symbol">(</span>x0<span class="sh_symbol">),</span> <span class="sh_function">y</span><span class="sh_symbol">(</span>y0<span class="sh_symbol">)</span> <span class="sh_cbracket">{}</span>
	vec2 <span class="sh_symbol">*</span> <span class="sh_function">read</span><span class="sh_symbol">()</span> <span class="sh_cbracket">{</span><span class="sh_function">scanf</span><span class="sh_symbol">(</span><span class="sh_string">"%lf%lf"</span><span class="sh_symbol">,</span> <span class="sh_symbol">&amp;</span>x<span class="sh_symbol">,</span> <span class="sh_symbol">&amp;</span>y<span class="sh_symbol">);</span> <span class="sh_keyword">return</span> <span class="sh_keyword">this</span><span class="sh_symbol">;</span><span class="sh_cbracket">}</span>
	<span class="sh_keyword">inline</span> <span class="sh_usertype">vec2</span><span class="sh_normal"> </span><span class="sh_keyword">operator</span> <span class="sh_symbol">+</span> <span class="sh_symbol">(</span><span class="sh_keyword">const</span> <span class="sh_usertype">vec2</span><span class="sh_normal"> </span><span class="sh_symbol">&amp;</span>B<span class="sh_symbol">)</span> <span class="sh_keyword">const</span> <span class="sh_cbracket">{</span><span class="sh_keyword">return</span> <span class="sh_function">vec2</span><span class="sh_symbol">(</span>x <span class="sh_symbol">+</span> B<span class="sh_symbol">.</span>x<span class="sh_symbol">,</span> y <span class="sh_symbol">+</span> B<span class="sh_symbol">.</span>y<span class="sh_symbol">);</span><span class="sh_cbracket">}</span>
	<span class="sh_keyword">inline</span> <span class="sh_usertype">vec2</span><span class="sh_normal"> </span><span class="sh_keyword">operator</span> <span class="sh_symbol">-</span> <span class="sh_symbol">(</span><span class="sh_keyword">const</span> <span class="sh_usertype">vec2</span><span class="sh_normal"> </span><span class="sh_symbol">&amp;</span>B<span class="sh_symbol">)</span> <span class="sh_keyword">const</span> <span class="sh_cbracket">{</span><span class="sh_keyword">return</span> <span class="sh_function">vec2</span><span class="sh_symbol">(</span>x <span class="sh_symbol">-</span> B<span class="sh_symbol">.</span>x<span class="sh_symbol">,</span> y <span class="sh_symbol">-</span> B<span class="sh_symbol">.</span>y<span class="sh_symbol">);</span><span class="sh_cbracket">}</span>
	<span class="sh_keyword">inline</span> <span class="sh_usertype">vec2</span><span class="sh_normal"> </span><span class="sh_keyword">operator</span> <span class="sh_symbol">*</span> <span class="sh_symbol">(</span><span class="sh_type">double</span> k<span class="sh_symbol">)</span> <span class="sh_keyword">const</span> <span class="sh_cbracket">{</span><span class="sh_keyword">return</span> <span class="sh_function">vec2</span><span class="sh_symbol">(</span>x <span class="sh_symbol">*</span> k<span class="sh_symbol">,</span> y <span class="sh_symbol">*</span> k<span class="sh_symbol">);</span><span class="sh_cbracket">}</span>
	<span class="sh_keyword">inline</span> <span class="sh_type">double</span> <span class="sh_keyword">operator</span> <span class="sh_symbol">*</span> <span class="sh_symbol">(</span><span class="sh_keyword">const</span> <span class="sh_usertype">vec2</span><span class="sh_normal"> </span><span class="sh_symbol">&amp;</span>B<span class="sh_symbol">)</span> <span class="sh_keyword">const</span> <span class="sh_cbracket">{</span><span class="sh_keyword">return</span> x <span class="sh_symbol">*</span> B<span class="sh_symbol">.</span>x <span class="sh_symbol">+</span> y <span class="sh_symbol">*</span> B<span class="sh_symbol">.</span>y<span class="sh_symbol">;</span><span class="sh_cbracket">}</span> <span class="sh_comment">// inner product</span>
	<span class="sh_keyword">inline</span> <span class="sh_type">double</span> <span class="sh_keyword">operator</span> <span class="sh_symbol">^</span> <span class="sh_symbol">(</span><span class="sh_keyword">const</span> <span class="sh_usertype">vec2</span><span class="sh_normal"> </span><span class="sh_symbol">&amp;</span>B<span class="sh_symbol">)</span> <span class="sh_keyword">const</span> <span class="sh_cbracket">{</span><span class="sh_keyword">return</span> x <span class="sh_symbol">*</span> B<span class="sh_symbol">.</span>y <span class="sh_symbol">-</span> y <span class="sh_symbol">*</span> B<span class="sh_symbol">.</span>x<span class="sh_symbol">;</span><span class="sh_cbracket">}</span> <span class="sh_comment">// outer product</span>
	<span class="sh_keyword">inline</span> <span class="sh_type">double</span> <span class="sh_function">norm2</span><span class="sh_symbol">()</span> <span class="sh_keyword">const</span> <span class="sh_cbracket">{</span><span class="sh_keyword">return</span> <span class="sh_symbol">*</span><span class="sh_keyword">this</span> <span class="sh_symbol">*</span> <span class="sh_symbol">*</span><span class="sh_keyword">this</span><span class="sh_symbol">;</span><span class="sh_cbracket">}</span> <span class="sh_comment">// |v|^2 = v^2</span>
<span class="sh_cbracket">}</span><span class="sh_symbol">;</span></code></pre>
</template>
