<?xml version="1.0" encoding="utf-8"?>
<?xml-stylesheet type="text/css" href="../additional_files/bootstrap.simplify.min.css"?>
<?xml-stylesheet type="text/css" href="../additional_files/sh_typical.min.css"?>
	
<template>
<title>平面凸包</title>
<pre class="sh_sourceCode"><code class="sh_cpp"><span class="sh_type">void</span> <span class="sh_function">graham</span><span class="sh_symbol">()</span><span class="sh_cbracket">{</span>
	<span class="sh_type">int</span> i <span class="sh_symbol">=</span> <span class="sh_function">min_element</span><span class="sh_symbol">(</span>p<span class="sh_symbol">,</span> p <span class="sh_symbol">+</span> n<span class="sh_symbol">,</span> cmp1<span class="sh_symbol">)</span> <span class="sh_symbol">-</span> p<span class="sh_symbol">;</span>
	<span class="sh_function">swap</span><span class="sh_symbol">(</span>p<span class="sh_symbol">[</span><span class="sh_number">0</span><span class="sh_symbol">],</span> p<span class="sh_symbol">[</span>i<span class="sh_symbol">]);</span>
	<span class="sh_keyword">for</span><span class="sh_symbol">(</span>i <span class="sh_symbol">=</span> <span class="sh_number">1</span><span class="sh_symbol">;</span> i <span class="sh_symbol">&lt;</span> n<span class="sh_symbol">;</span> <span class="sh_symbol">++</span>i<span class="sh_symbol">)</span> p<span class="sh_symbol">[</span>i<span class="sh_symbol">]</span> <span class="sh_symbol">=</span> p<span class="sh_symbol">[</span>i<span class="sh_symbol">]</span> <span class="sh_symbol">-</span> p<span class="sh_symbol">[</span><span class="sh_number">0</span><span class="sh_symbol">];</span> p<span class="sh_symbol">[</span><span class="sh_number">0</span><span class="sh_symbol">]</span> <span class="sh_symbol">=</span> <span class="sh_function">vec2</span><span class="sh_symbol">();</span>
	<span class="sh_function">sort</span><span class="sh_symbol">(</span>p <span class="sh_symbol">+</span> <span class="sh_number">1</span><span class="sh_symbol">,</span> p <span class="sh_symbol">+</span> n<span class="sh_symbol">,</span> cmp2<span class="sh_symbol">);</span>
	st<span class="sh_symbol">[</span><span class="sh_number">0</span><span class="sh_symbol">]</span> <span class="sh_symbol">=</span> p<span class="sh_symbol">;</span> st<span class="sh_symbol">[</span><span class="sh_number">1</span><span class="sh_symbol">]</span> <span class="sh_symbol">=</span> p <span class="sh_symbol">+</span> <span class="sh_number">1</span><span class="sh_symbol">;</span> st<span class="sh_symbol">[</span><span class="sh_number">2</span><span class="sh_symbol">]</span> <span class="sh_symbol">=</span> p <span class="sh_symbol">+</span> <span class="sh_number">2</span><span class="sh_symbol">;</span> top <span class="sh_symbol">=</span> <span class="sh_number">3</span><span class="sh_symbol">;</span>
	<span class="sh_keyword">for</span><span class="sh_symbol">(</span>i <span class="sh_symbol">=</span> <span class="sh_number">3</span><span class="sh_symbol">;</span> i <span class="sh_symbol">&lt;</span> n<span class="sh_symbol">;</span> <span class="sh_symbol">++</span>i<span class="sh_symbol">)</span><span class="sh_cbracket">{</span>
		<span class="sh_keyword">for</span><span class="sh_symbol">(;</span> <span class="sh_symbol">(</span>p<span class="sh_symbol">[</span>i<span class="sh_symbol">]</span> <span class="sh_symbol">-</span> <span class="sh_symbol">*</span>st<span class="sh_symbol">[</span>top <span class="sh_symbol">-</span> <span class="sh_number">2</span><span class="sh_symbol">]</span> <span class="sh_symbol">^</span> <span class="sh_symbol">*</span>st<span class="sh_symbol">[</span>top <span class="sh_symbol">-</span> <span class="sh_number">1</span><span class="sh_symbol">]</span> <span class="sh_symbol">-</span> <span class="sh_symbol">*</span>st<span class="sh_symbol">[</span>top <span class="sh_symbol">-</span> <span class="sh_number">2</span><span class="sh_symbol">])</span> <span class="sh_symbol">&gt;</span> <span class="sh_symbol">-</span>eps<span class="sh_symbol">;</span> <span class="sh_symbol">--</span>top<span class="sh_symbol">);</span>
		st<span class="sh_symbol">[</span>top<span class="sh_symbol">++]</span> <span class="sh_symbol">=</span> p <span class="sh_symbol">+</span> i<span class="sh_symbol">;</span>
	<span class="sh_cbracket">}</span>
	st<span class="sh_symbol">[</span>top<span class="sh_symbol">++]</span> <span class="sh_symbol">=</span> p<span class="sh_symbol">;</span>
<span class="sh_cbracket">}</span></code></pre>
</template>
