<?xml version="1.0" encoding="utf-8"?>
<?xml-stylesheet type="text/css" href="../additional_files/bootstrap.simplify.min.css"?>
<?xml-stylesheet type="text/css" href="../additional_files/sh_typical.min.css"?>

<template>
<title>三角形外心 &amp; 最小圆覆盖</title>
<pre class="sh_sourceCode"><code class="sh_cpp"><span class="sh_keyword">inline</span> <span class="sh_usertype">vec2</span><span class="sh_normal"> </span><span class="sh_function">CircumCenter</span><span class="sh_symbol">(</span><span class="sh_keyword">const</span> <span class="sh_usertype">vec2</span><span class="sh_normal"> </span>A<span class="sh_symbol">,</span> <span class="sh_keyword">const</span> <span class="sh_usertype">vec2</span><span class="sh_normal"> </span>B<span class="sh_symbol">,</span> <span class="sh_keyword">const</span> <span class="sh_usertype">vec2</span><span class="sh_normal"> </span>C<span class="sh_symbol">)</span><span class="sh_cbracket">{</span>
	<span class="sh_usertype">vec2</span><span class="sh_normal"> </span>a <span class="sh_symbol">=</span> B <span class="sh_symbol">-</span> A<span class="sh_symbol">,</span> b <span class="sh_symbol">=</span> C <span class="sh_symbol">-</span> A<span class="sh_symbol">,</span> AO<span class="sh_symbol">;</span>
	<span class="sh_type">double</span> det <span class="sh_symbol">=</span> <span class="sh_number">0.5</span> <span class="sh_symbol">/</span> <span class="sh_symbol">(</span>a <span class="sh_symbol">^</span> b<span class="sh_symbol">),</span> na <span class="sh_symbol">=</span> a<span class="sh_symbol">.</span><span class="sh_function">norm2</span><span class="sh_symbol">(),</span> nb <span class="sh_symbol">=</span> b<span class="sh_symbol">.</span><span class="sh_function">norm2</span><span class="sh_symbol">();</span>
	AO <span class="sh_symbol">=</span> <span class="sh_function">vec2</span><span class="sh_symbol">((</span>na <span class="sh_symbol">*</span> b<span class="sh_symbol">.</span>y <span class="sh_symbol">-</span> nb <span class="sh_symbol">*</span> a<span class="sh_symbol">.</span>y<span class="sh_symbol">)</span> <span class="sh_symbol">*</span> det<span class="sh_symbol">,</span> <span class="sh_symbol">(</span>nb <span class="sh_symbol">*</span> a<span class="sh_symbol">.</span>x <span class="sh_symbol">-</span> na <span class="sh_symbol">*</span> b<span class="sh_symbol">.</span>x<span class="sh_symbol">)</span> <span class="sh_symbol">*</span> det<span class="sh_symbol">);</span>
	<span class="sh_keyword">return</span> A <span class="sh_symbol">+</span> AO<span class="sh_symbol">;</span>
<span class="sh_cbracket">}</span>

<span class="sh_type">double</span> <span class="sh_function">min_circle_cover</span><span class="sh_symbol">()</span><span class="sh_cbracket">{</span>
	<span class="sh_type">int</span> i<span class="sh_symbol">,</span> j<span class="sh_symbol">,</span> k<span class="sh_symbol">;</span> <span class="sh_type">double</span> r2 <span class="sh_symbol">=</span> <span class="sh_number">0.0</span><span class="sh_symbol">;</span>
	<span class="sh_function">random_shuffle</span><span class="sh_symbol">(</span>p <span class="sh_symbol">+</span> <span class="sh_number">1</span><span class="sh_symbol">,</span> p <span class="sh_symbol">+</span> <span class="sh_symbol">(</span>n <span class="sh_symbol">+</span> <span class="sh_number">1</span><span class="sh_symbol">));</span>
	<span class="sh_usertype">vec2</span><span class="sh_normal"> </span>C <span class="sh_symbol">=</span> p<span class="sh_symbol">[</span><span class="sh_number">1</span><span class="sh_symbol">];</span>
	<span class="sh_keyword">for</span><span class="sh_symbol">(</span>i <span class="sh_symbol">=</span> <span class="sh_number">2</span><span class="sh_symbol">;</span> i <span class="sh_symbol">&lt;=</span> n<span class="sh_symbol">;</span> <span class="sh_symbol">++</span>i<span class="sh_symbol">)</span>
		<span class="sh_keyword">if</span><span class="sh_symbol">((</span>p<span class="sh_symbol">[</span>i<span class="sh_symbol">]</span> <span class="sh_symbol">-</span> C<span class="sh_symbol">).</span><span class="sh_function">norm2</span><span class="sh_symbol">()</span> <span class="sh_symbol">&gt;</span> r2<span class="sh_symbol">)</span><span class="sh_cbracket">{</span>
			C <span class="sh_symbol">=</span> p<span class="sh_symbol">[</span>i<span class="sh_symbol">];</span> r2 <span class="sh_symbol">=</span> <span class="sh_number">0</span><span class="sh_symbol">;</span>
			<span class="sh_keyword">for</span><span class="sh_symbol">(</span>j <span class="sh_symbol">=</span> <span class="sh_number">1</span><span class="sh_symbol">;</span> j <span class="sh_symbol">&lt;</span> i<span class="sh_symbol">;</span> <span class="sh_symbol">++</span>j<span class="sh_symbol">)</span>
				<span class="sh_keyword">if</span><span class="sh_symbol">((</span>p<span class="sh_symbol">[</span>j<span class="sh_symbol">]</span> <span class="sh_symbol">-</span> C<span class="sh_symbol">).</span><span class="sh_function">norm2</span><span class="sh_symbol">()</span> <span class="sh_symbol">&gt;</span> r2<span class="sh_symbol">)</span><span class="sh_cbracket">{</span>
					C <span class="sh_symbol">=</span> <span class="sh_symbol">(</span>p<span class="sh_symbol">[</span>i<span class="sh_symbol">]</span> <span class="sh_symbol">+</span> p<span class="sh_symbol">[</span>j<span class="sh_symbol">])</span> <span class="sh_symbol">*</span> <span class="sh_number">0.5</span><span class="sh_symbol">;</span>
					r2 <span class="sh_symbol">=</span> <span class="sh_symbol">(</span>p<span class="sh_symbol">[</span>j<span class="sh_symbol">]</span> <span class="sh_symbol">-</span> C<span class="sh_symbol">).</span><span class="sh_function">norm2</span><span class="sh_symbol">();</span>
					<span class="sh_keyword">for</span><span class="sh_symbol">(</span>k <span class="sh_symbol">=</span> <span class="sh_number">1</span><span class="sh_symbol">;</span> k <span class="sh_symbol">&lt;</span> j<span class="sh_symbol">;</span> <span class="sh_symbol">++</span>k<span class="sh_symbol">)</span>
						<span class="sh_keyword">if</span><span class="sh_symbol">((</span>p<span class="sh_symbol">[</span>k<span class="sh_symbol">]</span> <span class="sh_symbol">-</span> C<span class="sh_symbol">).</span><span class="sh_function">norm2</span><span class="sh_symbol">()</span> <span class="sh_symbol">&gt;</span> r2<span class="sh_symbol">)</span><span class="sh_cbracket">{</span>
							C <span class="sh_symbol">=</span> <span class="sh_function">CircumCenter</span><span class="sh_symbol">(</span>p<span class="sh_symbol">[</span>i<span class="sh_symbol">],</span> p<span class="sh_symbol">[</span>j<span class="sh_symbol">],</span> p<span class="sh_symbol">[</span>k<span class="sh_symbol">]);</span>
							r2 <span class="sh_symbol">=</span> <span class="sh_symbol">(</span>p<span class="sh_symbol">[</span>k<span class="sh_symbol">]</span> <span class="sh_symbol">-</span> C<span class="sh_symbol">).</span><span class="sh_function">norm2</span><span class="sh_symbol">();</span>
						<span class="sh_cbracket">}</span>
				<span class="sh_cbracket">}</span>
		<span class="sh_cbracket">}</span>
	<span class="sh_keyword">return</span> <span class="sh_function">sqrt</span><span class="sh_symbol">(</span>r2<span class="sh_symbol">);</span>
<span class="sh_cbracket">}</span></code></pre>
</template>
