<?xml version="1.0" encoding="utf-8"?>
<?xml-stylesheet type="text/css" href="../additional_files/bootstrap.simplify.min.css"?>
<?xml-stylesheet type="text/css" href="../additional_files/sh_typical.min.css"?>
	
<template>
<title>并查集 (封装)</title>
<pre class="sh_sourceCode"><code class="sh_cpp"><span class="sh_keyword">struct</span><span class="sh_normal"> </span><span class="sh_classname">UFind</span><span class="sh_cbracket">{</span>
	<span class="sh_type">int</span> sz<span class="sh_symbol">,</span> <span class="sh_symbol">*</span>p<span class="sh_symbol">;</span>
	<span class="sh_function">UFind</span> <span class="sh_symbol">():</span> <span class="sh_function">sz</span><span class="sh_symbol">(</span><span class="sh_number">0</span><span class="sh_symbol">)</span> <span class="sh_cbracket">{</span>p <span class="sh_symbol">=</span> NULL<span class="sh_symbol">;</span><span class="sh_cbracket">}</span>
	<span class="sh_symbol">~</span><span class="sh_function">UFind</span> <span class="sh_symbol">()</span> <span class="sh_cbracket">{</span><span class="sh_keyword">if</span><span class="sh_symbol">(</span>p<span class="sh_symbol">)</span> <span class="sh_keyword">delete</span> <span class="sh_symbol">[]</span> <span class="sh_symbol">(</span>p<span class="sh_symbol">);</span><span class="sh_cbracket">}</span>
	<span class="sh_type">void</span> <span class="sh_function">resize</span><span class="sh_symbol">(</span><span class="sh_type">int</span> size<span class="sh_symbol">)</span><span class="sh_cbracket">{</span>
		<span class="sh_keyword">if</span><span class="sh_symbol">(</span>p<span class="sh_symbol">)</span> <span class="sh_keyword">delete</span> <span class="sh_symbol">[]</span> <span class="sh_symbol">(</span>p<span class="sh_symbol">);</span> p <span class="sh_symbol">=</span> <span class="sh_keyword">new</span> <span class="sh_type">int</span><span class="sh_symbol">[(</span>sz <span class="sh_symbol">=</span> size<span class="sh_symbol">)</span> <span class="sh_symbol">+</span> <span class="sh_number">1</span><span class="sh_symbol">];</span>
		<span class="sh_keyword">for</span><span class="sh_symbol">(</span><span class="sh_type">int</span> i <span class="sh_symbol">=</span> <span class="sh_number">0</span><span class="sh_symbol">;</span> i <span class="sh_symbol">&lt;=</span> sz<span class="sh_symbol">;</span> i<span class="sh_symbol">++)</span> p<span class="sh_symbol">[</span>i<span class="sh_symbol">]</span> <span class="sh_symbol">=</span> i<span class="sh_symbol">;</span>
	<span class="sh_cbracket">}</span>
	<span class="sh_type">int</span> <span class="sh_function">ancestor</span><span class="sh_symbol">(</span><span class="sh_type">int</span> x<span class="sh_symbol">)</span> <span class="sh_cbracket">{</span><span class="sh_keyword">return</span> x <span class="sh_symbol">==</span> p<span class="sh_symbol">[</span>x<span class="sh_symbol">]</span> <span class="sh_symbol">?</span> x <span class="sh_symbol">:</span> p<span class="sh_symbol">[</span>x<span class="sh_symbol">]</span> <span class="sh_symbol">=</span> <span class="sh_function">ancestor</span><span class="sh_symbol">(</span>p<span class="sh_symbol">[</span>x<span class="sh_symbol">]);</span><span class="sh_cbracket">}</span>
	<span class="sh_type">bool</span> <span class="sh_function">test</span><span class="sh_symbol">(</span><span class="sh_type">int</span> x<span class="sh_symbol">,</span> <span class="sh_type">int</span> y<span class="sh_symbol">,</span> <span class="sh_type">bool</span> un <span class="sh_symbol">=</span> <span class="sh_keyword">false</span><span class="sh_symbol">)</span><span class="sh_cbracket">{</span>
		<span class="sh_keyword">if</span><span class="sh_symbol">((</span>x <span class="sh_symbol">=</span> <span class="sh_function">ancestor</span><span class="sh_symbol">(</span>x<span class="sh_symbol">))</span> <span class="sh_symbol">==</span> <span class="sh_symbol">(</span>y <span class="sh_symbol">=</span> <span class="sh_function">ancestor</span><span class="sh_symbol">(</span>y<span class="sh_symbol">)))</span> <span class="sh_keyword">return</span> <span class="sh_keyword">true</span><span class="sh_symbol">;</span>
		<span class="sh_keyword">if</span><span class="sh_symbol">(</span>un<span class="sh_symbol">)</span> p<span class="sh_symbol">[</span>x<span class="sh_symbol">]</span> <span class="sh_symbol">=</span> y<span class="sh_symbol">;</span> <span class="sh_keyword">return</span> <span class="sh_keyword">false</span><span class="sh_symbol">;</span>
	<span class="sh_cbracket">}</span>
<span class="sh_cbracket">}</span><span class="sh_symbol">;</span></code></pre>
</template>
