<?xml version="1.0" encoding="utf-8"?>
<?xml-stylesheet type="text/css" href="../additional_files/bootstrap.simplify.min.css"?>
<?xml-stylesheet type="text/css" href="../additional_files/sh_typical.min.css"?>
	
<template>
<title>线段树 (不封装)</title>
<pre class="sh_sourceCode"><code class="sh_cpp"><span class="sh_preproc">#define</span> segc <span class="sh_type">int</span> M <span class="sh_symbol">=</span> L <span class="sh_symbol">+</span> R <span class="sh_symbol">-</span> <span class="sh_number">1</span> <span class="sh_symbol">&gt;&gt;</span> <span class="sh_number">1</span><span class="sh_symbol">,</span> lc <span class="sh_symbol">=</span> id <span class="sh_symbol">&lt;&lt;</span> <span class="sh_number">1</span><span class="sh_symbol">,</span> rc <span class="sh_symbol">=</span> lc <span class="sh_symbol">|</span> <span class="sh_number">1</span>

<span class="sh_type">void</span> <span class="sh_function">add</span><span class="sh_symbol">(</span><span class="sh_type">int</span> id<span class="sh_symbol">,</span> <span class="sh_type">int</span> L<span class="sh_symbol">,</span> <span class="sh_type">int</span> R<span class="sh_symbol">,</span> <span class="sh_type">int</span> h<span class="sh_symbol">,</span> <span class="sh_type">int</span> v<span class="sh_symbol">)</span><span class="sh_cbracket">{</span>
	<span class="sh_keyword">if</span><span class="sh_symbol">(</span>L <span class="sh_symbol">==</span> R<span class="sh_symbol">)</span> <span class="sh_keyword">return</span> <span class="sh_type">void</span><span class="sh_symbol">(</span>st<span class="sh_symbol">[</span>id<span class="sh_symbol">]</span> <span class="sh_symbol">+=</span> v<span class="sh_symbol">);</span>
	segc<span class="sh_symbol">;</span> h <span class="sh_symbol">&lt;=</span> M <span class="sh_symbol">?</span> <span class="sh_function">add</span><span class="sh_symbol">(</span>lc<span class="sh_symbol">,</span> L<span class="sh_symbol">,</span> M<span class="sh_symbol">,</span> h<span class="sh_symbol">,</span> v<span class="sh_symbol">)</span> <span class="sh_symbol">:</span> <span class="sh_function">add</span><span class="sh_symbol">(</span>rc<span class="sh_symbol">,</span> M <span class="sh_symbol">+</span> <span class="sh_number">1</span><span class="sh_symbol">,</span> R<span class="sh_symbol">,</span> h<span class="sh_symbol">,</span> v<span class="sh_symbol">);</span>
	x<span class="sh_symbol">[</span>id<span class="sh_symbol">].</span>v <span class="sh_symbol">=</span> x<span class="sh_symbol">[</span>lc<span class="sh_symbol">].</span>v <span class="sh_symbol">+</span> x<span class="sh_symbol">[</span>rc<span class="sh_symbol">].</span>v<span class="sh_symbol">;</span>
<span class="sh_cbracket">}</span>

<span class="sh_type">int</span> <span class="sh_function">range</span><span class="sh_symbol">(</span><span class="sh_type">int</span> id<span class="sh_symbol">,</span> <span class="sh_type">int</span> L<span class="sh_symbol">,</span> <span class="sh_type">int</span> R<span class="sh_symbol">,</span> <span class="sh_type">int</span> ql<span class="sh_symbol">,</span> <span class="sh_type">int</span> qr<span class="sh_symbol">)</span><span class="sh_cbracket">{</span>
	<span class="sh_keyword">if</span><span class="sh_symbol">(</span>ql <span class="sh_symbol">&lt;=</span> L <span class="sh_symbol">&amp;&amp;</span> qr <span class="sh_symbol">&gt;=</span> R<span class="sh_symbol">)</span> <span class="sh_keyword">return</span> st<span class="sh_symbol">[</span>id<span class="sh_symbol">];</span>
	segc<span class="sh_symbol">,</span> s <span class="sh_symbol">=</span> <span class="sh_number">0</span><span class="sh_symbol">;</span>
	<span class="sh_keyword">if</span><span class="sh_symbol">(</span>ql <span class="sh_symbol">&lt;=</span> M<span class="sh_symbol">)</span> s <span class="sh_symbol">+=</span> <span class="sh_function">range</span><span class="sh_symbol">(</span>lc<span class="sh_symbol">,</span> L<span class="sh_symbol">,</span> M<span class="sh_symbol">,</span> ql<span class="sh_symbol">,</span> <span class="sh_function">min</span><span class="sh_symbol">(</span>qr<span class="sh_symbol">,</span> M<span class="sh_symbol">));</span>
	<span class="sh_keyword">if</span><span class="sh_symbol">(</span>qr <span class="sh_symbol">&gt;</span> M<span class="sh_symbol">)</span> s <span class="sh_symbol">+=</span> <span class="sh_function">range</span><span class="sh_symbol">(</span>rc<span class="sh_symbol">,</span> M <span class="sh_symbol">+</span> <span class="sh_number">1</span><span class="sh_symbol">,</span> R<span class="sh_symbol">,</span> <span class="sh_function">max</span><span class="sh_symbol">(</span>ql<span class="sh_symbol">,</span> M <span class="sh_symbol">+</span> <span class="sh_number">1</span><span class="sh_symbol">),</span> qr<span class="sh_symbol">);</span>
	<span class="sh_keyword">return</span> s<span class="sh_symbol">;</span>
<span class="sh_cbracket">}</span></code></pre>
</template>
