<?xml version="1.0" encoding="utf-8"?>
<?xml-stylesheet type="text/css" href="../additional_files/bootstrap.simplify.min.css"?>
<?xml-stylesheet type="text/css" href="../additional_files/sh_typical.min.css"?>
	
<template>
<title>伸展树 (Splay)</title>
<pre class="sh_sourceCode"><code class="sh_cpp"><span class="sh_preproc">#define</span> <span class="sh_usertype">pa</span><span class="sh_normal"> </span>p<span class="sh_symbol">[</span>nd<span class="sh_symbol">]</span>
<span class="sh_preproc">#define</span> <span class="sh_usertype">root</span><span class="sh_normal"> </span>nd<span class="sh_symbol">[</span><span class="sh_number">0</span><span class="sh_symbol">].</span>c<span class="sh_symbol">[</span><span class="sh_number">0</span><span class="sh_symbol">]</span>
<span class="sh_keyword">struct</span><span class="sh_normal"> </span><span class="sh_classname">node</span> <span class="sh_cbracket">{</span><span class="sh_type">int</span> v<span class="sh_symbol">,</span> sz<span class="sh_symbol">,</span> p<span class="sh_symbol">,</span> c<span class="sh_symbol">[</span><span class="sh_number">2</span><span class="sh_symbol">];</span> <span class="sh_usertype">ll</span><span class="sh_normal"> </span>sum<span class="sh_symbol">;</span><span class="sh_cbracket">}</span> nd<span class="sh_symbol">[</span>N<span class="sh_symbol">];</span>

<span class="sh_keyword">inline</span> <span class="sh_type">int</span> <span class="sh_function">dir</span><span class="sh_symbol">(</span><span class="sh_type">int</span> x<span class="sh_symbol">)</span> <span class="sh_cbracket">{</span><span class="sh_keyword">return</span> x <span class="sh_symbol">==</span> x<span class="sh_symbol">[</span>nd<span class="sh_symbol">].</span>pa<span class="sh_symbol">.</span>c<span class="sh_symbol">[</span><span class="sh_number">1</span><span class="sh_symbol">];</span><span class="sh_cbracket">}</span>

<span class="sh_keyword">inline</span> <span class="sh_type">void</span> <span class="sh_function">update</span><span class="sh_symbol">(</span><span class="sh_type">int</span> x<span class="sh_symbol">)</span><span class="sh_cbracket">{</span>
	x<span class="sh_symbol">[</span>nd<span class="sh_symbol">].</span>sz <span class="sh_symbol">=</span> x<span class="sh_symbol">[</span>nd<span class="sh_symbol">].</span>c<span class="sh_symbol">[</span><span class="sh_number">0</span><span class="sh_symbol">][</span>nd<span class="sh_symbol">].</span>sz <span class="sh_symbol">+</span> x<span class="sh_symbol">[</span>nd<span class="sh_symbol">].</span>c<span class="sh_symbol">[</span><span class="sh_number">1</span><span class="sh_symbol">][</span>nd<span class="sh_symbol">].</span>sz <span class="sh_symbol">+</span> <span class="sh_number">1</span><span class="sh_symbol">;</span>
	x<span class="sh_symbol">[</span>nd<span class="sh_symbol">].</span>sum <span class="sh_symbol">=</span> x<span class="sh_symbol">[</span>nd<span class="sh_symbol">].</span>c<span class="sh_symbol">[</span><span class="sh_number">0</span><span class="sh_symbol">][</span>nd<span class="sh_symbol">].</span>sum <span class="sh_symbol">+</span> x<span class="sh_symbol">[</span>nd<span class="sh_symbol">].</span>c<span class="sh_symbol">[</span><span class="sh_number">1</span><span class="sh_symbol">][</span>nd<span class="sh_symbol">].</span>sum <span class="sh_symbol">+</span> x<span class="sh_symbol">[</span>nd<span class="sh_symbol">].</span>v<span class="sh_symbol">;</span>
<span class="sh_cbracket">}</span>

<span class="sh_type">void</span> <span class="sh_function">rotate</span><span class="sh_symbol">(</span><span class="sh_type">int</span> x<span class="sh_symbol">)</span><span class="sh_cbracket">{</span>
	<span class="sh_type">int</span> y <span class="sh_symbol">=</span> x<span class="sh_symbol">[</span>nd<span class="sh_symbol">].</span>p<span class="sh_symbol">,</span> d <span class="sh_symbol">=</span> <span class="sh_symbol">!</span><span class="sh_function">dir</span><span class="sh_symbol">(</span>x<span class="sh_symbol">);</span>
	nd<span class="sh_symbol">[</span>y<span class="sh_symbol">[</span>nd<span class="sh_symbol">].</span>c<span class="sh_symbol">[!</span>d<span class="sh_symbol">]</span> <span class="sh_symbol">=</span> x<span class="sh_symbol">[</span>nd<span class="sh_symbol">].</span>c<span class="sh_symbol">[</span>d<span class="sh_symbol">]].</span>p <span class="sh_symbol">=</span> y<span class="sh_symbol">;</span>
	x<span class="sh_symbol">[</span>nd<span class="sh_symbol">].</span>p <span class="sh_symbol">=</span> y<span class="sh_symbol">[</span>nd<span class="sh_symbol">].</span>p<span class="sh_symbol">;</span>
	y<span class="sh_symbol">[</span>nd<span class="sh_symbol">].</span>pa<span class="sh_symbol">.</span>c<span class="sh_symbol">[</span><span class="sh_function">dir</span><span class="sh_symbol">(</span>y<span class="sh_symbol">)]</span> <span class="sh_symbol">=</span> x<span class="sh_symbol">;</span>
	nd<span class="sh_symbol">[</span>x<span class="sh_symbol">[</span>nd<span class="sh_symbol">].</span>c<span class="sh_symbol">[</span>d<span class="sh_symbol">]</span> <span class="sh_symbol">=</span> y<span class="sh_symbol">].</span>p <span class="sh_symbol">=</span> x<span class="sh_symbol">;</span>
	<span class="sh_function">update</span><span class="sh_symbol">(</span>y<span class="sh_symbol">);</span>
<span class="sh_cbracket">}</span>

<span class="sh_type">void</span> <span class="sh_function">splay</span><span class="sh_symbol">(</span><span class="sh_type">int</span> x<span class="sh_symbol">,</span> <span class="sh_type">int</span> g <span class="sh_symbol">=</span> <span class="sh_number">0</span><span class="sh_symbol">)</span><span class="sh_cbracket">{</span>
	<span class="sh_keyword">for</span><span class="sh_symbol">(;</span> x<span class="sh_symbol">[</span>nd<span class="sh_symbol">].</span>p <span class="sh_symbol">!=</span> g<span class="sh_symbol">;</span> <span class="sh_function">rotate</span><span class="sh_symbol">(</span>x<span class="sh_symbol">))</span>
		<span class="sh_keyword">if</span><span class="sh_symbol">(</span>x<span class="sh_symbol">[</span>nd<span class="sh_symbol">].</span>pa<span class="sh_symbol">.</span>p <span class="sh_symbol">!=</span> g<span class="sh_symbol">)</span> <span class="sh_function">rotate</span><span class="sh_symbol">(</span><span class="sh_function">dir</span><span class="sh_symbol">(</span>x<span class="sh_symbol">)</span> <span class="sh_symbol">^</span> <span class="sh_function">dir</span><span class="sh_symbol">(</span>x<span class="sh_symbol">[</span>nd<span class="sh_symbol">].</span>p<span class="sh_symbol">)</span> <span class="sh_symbol">?</span> x <span class="sh_symbol">:</span> x<span class="sh_symbol">[</span>nd<span class="sh_symbol">].</span>p<span class="sh_symbol">);</span>
	<span class="sh_function">update</span><span class="sh_symbol">(</span>x<span class="sh_symbol">);</span>
<span class="sh_cbracket">}</span>

<span class="sh_type">void</span> <span class="sh_function">insert</span><span class="sh_symbol">(</span><span class="sh_type">int</span> x<span class="sh_symbol">)</span><span class="sh_cbracket">{</span>
	<span class="sh_type">int</span> y <span class="sh_symbol">=</span> <span class="sh_number">0</span><span class="sh_symbol">,</span> d <span class="sh_symbol">=</span> <span class="sh_number">0</span><span class="sh_symbol">;</span>
	<span class="sh_keyword">if</span><span class="sh_symbol">(</span>root<span class="sh_symbol">)</span> <span class="sh_keyword">for</span><span class="sh_symbol">(</span>y <span class="sh_symbol">=</span> root<span class="sh_symbol">;</span> d <span class="sh_symbol">=</span> <span class="sh_symbol">(</span>val<span class="sh_symbol">[</span>x<span class="sh_symbol">]</span> <span class="sh_symbol">&lt;</span> y<span class="sh_symbol">[</span>nd<span class="sh_symbol">].</span>v<span class="sh_symbol">),</span> y<span class="sh_symbol">[</span>nd<span class="sh_symbol">].</span>c<span class="sh_symbol">[</span>d<span class="sh_symbol">];</span> y <span class="sh_symbol">=</span> y<span class="sh_symbol">[</span>nd<span class="sh_symbol">].</span>c<span class="sh_symbol">[</span>d<span class="sh_symbol">]);</span>
	y<span class="sh_symbol">[</span>nd<span class="sh_symbol">].</span>c<span class="sh_symbol">[</span>d<span class="sh_symbol">]</span> <span class="sh_symbol">=</span> x<span class="sh_symbol">;</span>
	nd<span class="sh_symbol">[</span>x<span class="sh_symbol">].</span>v <span class="sh_symbol">=</span> nd<span class="sh_symbol">[</span>x<span class="sh_symbol">].</span>sum <span class="sh_symbol">=</span> val<span class="sh_symbol">[</span>x<span class="sh_symbol">];</span> nd<span class="sh_symbol">[</span>x<span class="sh_symbol">].</span>sz <span class="sh_symbol">=</span> <span class="sh_number">1</span><span class="sh_symbol">;</span> nd<span class="sh_symbol">[</span>x<span class="sh_symbol">].</span>p <span class="sh_symbol">=</span> y<span class="sh_symbol">;</span> nd<span class="sh_symbol">[</span>x<span class="sh_symbol">].</span>c<span class="sh_symbol">[</span><span class="sh_number">0</span><span class="sh_symbol">]</span> <span class="sh_symbol">=</span> nd<span class="sh_symbol">[</span>x<span class="sh_symbol">].</span>c<span class="sh_symbol">[</span><span class="sh_number">1</span><span class="sh_symbol">]</span> <span class="sh_symbol">=</span> <span class="sh_number">0</span><span class="sh_symbol">;</span>
	<span class="sh_function">splay</span><span class="sh_symbol">(</span>x<span class="sh_symbol">);</span>
<span class="sh_cbracket">}</span>

<span class="sh_type">void</span> <span class="sh_function">erase</span><span class="sh_symbol">(</span><span class="sh_type">int</span> x<span class="sh_symbol">)</span><span class="sh_cbracket">{</span>
	<span class="sh_keyword">if</span><span class="sh_symbol">(</span>x<span class="sh_symbol">[</span>nd<span class="sh_symbol">].</span>p<span class="sh_symbol">)</span> <span class="sh_function">splay</span><span class="sh_symbol">(</span>x<span class="sh_symbol">);</span>
	<span class="sh_keyword">if</span><span class="sh_symbol">(!(</span>x<span class="sh_symbol">[</span>nd<span class="sh_symbol">].</span>c<span class="sh_symbol">[</span><span class="sh_number">0</span><span class="sh_symbol">]</span> <span class="sh_symbol">&amp;&amp;</span> x<span class="sh_symbol">[</span>nd<span class="sh_symbol">].</span>c<span class="sh_symbol">[</span><span class="sh_number">1</span><span class="sh_symbol">]))</span><span class="sh_cbracket">{</span>
		<span class="sh_type">int</span> d <span class="sh_symbol">=</span> <span class="sh_symbol">(</span>x<span class="sh_symbol">[</span>nd<span class="sh_symbol">].</span>c<span class="sh_symbol">[</span><span class="sh_number">1</span><span class="sh_symbol">]</span> <span class="sh_symbol">&gt;</span> <span class="sh_number">0</span><span class="sh_symbol">);</span>
		x<span class="sh_symbol">[</span>nd<span class="sh_symbol">].</span>c<span class="sh_symbol">[</span>d<span class="sh_symbol">][</span>nd<span class="sh_symbol">].</span>p <span class="sh_symbol">=</span> <span class="sh_number">0</span><span class="sh_symbol">;</span>
		root <span class="sh_symbol">=</span> x<span class="sh_symbol">[</span>nd<span class="sh_symbol">].</span>c<span class="sh_symbol">[</span>d<span class="sh_symbol">];</span>
	<span class="sh_cbracket">}</span><span class="sh_keyword">else</span><span class="sh_cbracket">{</span>
		<span class="sh_type">int</span> y<span class="sh_symbol">;</span>
		<span class="sh_keyword">for</span><span class="sh_symbol">(</span>y <span class="sh_symbol">=</span> x<span class="sh_symbol">[</span>nd<span class="sh_symbol">].</span>c<span class="sh_symbol">[</span><span class="sh_number">1</span><span class="sh_symbol">];</span> y<span class="sh_symbol">[</span>nd<span class="sh_symbol">].</span>c<span class="sh_symbol">[</span><span class="sh_number">0</span><span class="sh_symbol">];</span> y <span class="sh_symbol">=</span> y<span class="sh_symbol">[</span>nd<span class="sh_symbol">].</span>c<span class="sh_symbol">[</span><span class="sh_number">0</span><span class="sh_symbol">]);</span>
		<span class="sh_function">splay</span><span class="sh_symbol">(</span>y<span class="sh_symbol">,</span> x<span class="sh_symbol">);</span>
		nd<span class="sh_symbol">[</span>y<span class="sh_symbol">[</span>nd<span class="sh_symbol">].</span>c<span class="sh_symbol">[</span><span class="sh_number">0</span><span class="sh_symbol">]</span> <span class="sh_symbol">=</span> x<span class="sh_symbol">[</span>nd<span class="sh_symbol">].</span>c<span class="sh_symbol">[</span><span class="sh_number">0</span><span class="sh_symbol">]].</span>p <span class="sh_symbol">=</span> y<span class="sh_symbol">;</span>
		y<span class="sh_symbol">[</span>nd<span class="sh_symbol">].</span>p <span class="sh_symbol">=</span> <span class="sh_number">0</span><span class="sh_symbol">;</span> root <span class="sh_symbol">=</span> y<span class="sh_symbol">;</span>
		<span class="sh_function">update</span><span class="sh_symbol">(</span>y<span class="sh_symbol">);</span>
	<span class="sh_cbracket">}</span>
<span class="sh_cbracket">}</span>

<span class="sh_type">int</span> <span class="sh_function">kth</span><span class="sh_symbol">(</span><span class="sh_type">int</span> x<span class="sh_symbol">,</span> <span class="sh_type">int</span> v<span class="sh_symbol">)</span><span class="sh_cbracket">{</span>
	<span class="sh_keyword">if</span><span class="sh_symbol">(</span>x<span class="sh_symbol">[</span>nd<span class="sh_symbol">].</span>sz <span class="sh_symbol">&lt;</span> v<span class="sh_symbol">)</span> <span class="sh_keyword">return</span> <span class="sh_symbol">-</span><span class="sh_number">1</span><span class="sh_symbol">;</span>
	<span class="sh_keyword">for</span><span class="sh_symbol">(</span><span class="sh_type">int</span> j<span class="sh_symbol">;</span> <span class="sh_symbol">;</span> <span class="sh_symbol">)</span><span class="sh_cbracket">{</span>
		j <span class="sh_symbol">=</span> x<span class="sh_symbol">[</span>nd<span class="sh_symbol">].</span>c<span class="sh_symbol">[</span><span class="sh_number">0</span><span class="sh_symbol">][</span>nd<span class="sh_symbol">].</span>sz<span class="sh_symbol">;</span>
		<span class="sh_keyword">if</span><span class="sh_symbol">(</span>v <span class="sh_symbol">==</span> j <span class="sh_symbol">+</span> <span class="sh_number">1</span><span class="sh_symbol">)</span> <span class="sh_keyword">return</span> x<span class="sh_symbol">;</span>
		x <span class="sh_symbol">=</span> x<span class="sh_symbol">[</span>nd<span class="sh_symbol">].</span>c<span class="sh_symbol">[</span>v <span class="sh_symbol">&gt;</span> j<span class="sh_symbol">];</span> v <span class="sh_symbol">&gt;</span> j <span class="sh_symbol">?</span> <span class="sh_symbol">(</span>v <span class="sh_symbol">-=</span> j <span class="sh_symbol">+</span> <span class="sh_number">1</span><span class="sh_symbol">)</span> <span class="sh_symbol">:</span> v<span class="sh_symbol">;</span>
	<span class="sh_cbracket">}</span>
<span class="sh_cbracket">}</span></code></pre>
</template>
