<?xml version="1.0" encoding="utf-8"?>
<?xml-stylesheet type="text/css" href="../additional_files/bootstrap.simplify.min.css"?>
<?xml-stylesheet type="text/css" href="../additional_files/sh_typical.min.css"?>
	
<template>
<title>乘模函数 (64 bit 大整数相乘取模)</title>
<pre class="sh_sourceCode"><code class="sh_cpp"><span class="sh_keyword">inline</span> <span class="sh_usertype">ll</span><span class="sh_normal"> </span><span class="sh_function">MulMod</span><span class="sh_symbol">(</span><span class="sh_usertype">ll</span><span class="sh_normal"> </span>a<span class="sh_symbol">,</span> <span class="sh_usertype">ll</span><span class="sh_normal"> </span>b<span class="sh_symbol">,</span> <span class="sh_usertype">ll</span><span class="sh_normal"> </span>m<span class="sh_symbol">)</span><span class="sh_cbracket">{</span>
	<span class="sh_usertype">ll</span><span class="sh_normal"> </span>t <span class="sh_symbol">=</span> a <span class="sh_symbol">*</span> b <span class="sh_symbol">-</span> <span class="sh_symbol">(</span>ll<span class="sh_symbol">)((</span>ld<span class="sh_symbol">)</span>a <span class="sh_symbol">*</span> b <span class="sh_symbol">/</span> m <span class="sh_symbol">+</span> <span class="sh_number">1e-10</span><span class="sh_symbol">)</span> <span class="sh_symbol">*</span> m<span class="sh_symbol">;</span>
	<span class="sh_keyword">return</span> <span class="sh_symbol">(</span>t <span class="sh_symbol">%=</span> m<span class="sh_symbol">)</span> <span class="sh_symbol">&lt;</span> <span class="sh_number">0</span> <span class="sh_symbol">?</span> t <span class="sh_symbol">+</span> m <span class="sh_symbol">:</span> t<span class="sh_symbol">;</span>
<span class="sh_cbracket">}</span></code></pre>
</template>
