<?xml version="1.0" encoding="utf-8"?>
<?xml-stylesheet type="text/css" href="../additional_files/bootstrap.simplify.min.css"?>
<?xml-stylesheet type="text/css" href="../additional_files/sh_typical.min.css"?>
	
<template>
<title>离散化</title>
<pre class="sh_sourceCode"><code class="sh_cpp"><span class="sh_type">int</span> F<span class="sh_symbol">[</span>N<span class="sh_symbol">];</span>
<span class="sh_usertype">pr</span><span class="sh_normal"> </span>D<span class="sh_symbol">[</span>N<span class="sh_symbol">];</span>

<span class="sh_type">int</span> <span class="sh_function">Discretize</span><span class="sh_symbol">(</span><span class="sh_type">int</span> n<span class="sh_symbol">)</span><span class="sh_cbracket">{</span>
	<span class="sh_type">int</span> i<span class="sh_symbol">,</span> cnt <span class="sh_symbol">=</span> <span class="sh_number">0</span><span class="sh_symbol">;</span>
	<span class="sh_function">sort</span><span class="sh_symbol">(</span>D<span class="sh_symbol">,</span> D <span class="sh_symbol">+</span> n<span class="sh_symbol">);</span>
	<span class="sh_keyword">for</span><span class="sh_symbol">(</span>i <span class="sh_symbol">=</span> <span class="sh_number">0</span><span class="sh_symbol">;</span> i <span class="sh_symbol">&lt;</span> n<span class="sh_symbol">;</span> i<span class="sh_symbol">++)</span>
		<span class="sh_keyword">if</span><span class="sh_symbol">(</span>i <span class="sh_symbol">&amp;&amp;</span> D<span class="sh_symbol">[</span>i<span class="sh_symbol">].</span>first <span class="sh_symbol">==</span> D<span class="sh_symbol">[</span>i <span class="sh_symbol">-</span> <span class="sh_number">1</span><span class="sh_symbol">].</span>first<span class="sh_symbol">)</span>
			F<span class="sh_symbol">[</span>D<span class="sh_symbol">[</span>i<span class="sh_symbol">].</span>second<span class="sh_symbol">]</span> <span class="sh_symbol">=</span> cnt <span class="sh_symbol">-</span> <span class="sh_number">1</span><span class="sh_symbol">;</span>
		<span class="sh_keyword">else</span><span class="sh_cbracket">{</span>
			F<span class="sh_symbol">[</span>D<span class="sh_symbol">[</span>i<span class="sh_symbol">].</span>second<span class="sh_symbol">]</span> <span class="sh_symbol">=</span> cnt<span class="sh_symbol">;</span>
			D<span class="sh_symbol">[</span>cnt<span class="sh_symbol">]</span> <span class="sh_symbol">=</span> D<span class="sh_symbol">[</span>i<span class="sh_symbol">];</span>
			<span class="sh_symbol">++</span>cnt<span class="sh_symbol">;</span>
		<span class="sh_cbracket">}</span>
	<span class="sh_keyword">return</span> cnt<span class="sh_symbol">;</span>
<span class="sh_cbracket">}</span></code></pre>
</template>
