<?xml version="1.0" encoding="utf-8"?>
<?xml-stylesheet type="text/css" href="../additional_files/bootstrap.simplify.min.css"?>
<?xml-stylesheet type="text/css" href="../additional_files/sh_typical.min.css"?>
	
<template>
<title>双向邻接表</title>
<pre class="sh_sourceCode"><code class="sh_cpp"><span class="sh_keyword">inline</span> <span class="sh_type">void</span> <span class="sh_function">addedge</span><span class="sh_symbol">(</span><span class="sh_type">int</span> u<span class="sh_symbol">,</span> <span class="sh_type">int</span> v<span class="sh_symbol">)</span><span class="sh_cbracket">{</span>
	to<span class="sh_symbol">[++</span>E<span class="sh_symbol">]</span> <span class="sh_symbol">=</span> v<span class="sh_symbol">;</span> next<span class="sh_symbol">[</span>E<span class="sh_symbol">]</span> <span class="sh_symbol">=</span> first<span class="sh_symbol">[</span>u<span class="sh_symbol">];</span> first<span class="sh_symbol">[</span>u<span class="sh_symbol">]</span> <span class="sh_symbol">=</span> E<span class="sh_symbol">;</span>
	to<span class="sh_symbol">[++</span>E<span class="sh_symbol">]</span> <span class="sh_symbol">=</span> u<span class="sh_symbol">;</span> next<span class="sh_symbol">[</span>E<span class="sh_symbol">]</span> <span class="sh_symbol">=</span> first<span class="sh_symbol">[</span>v<span class="sh_symbol">];</span> first<span class="sh_symbol">[</span>v<span class="sh_symbol">]</span> <span class="sh_symbol">=</span> E<span class="sh_symbol">;</span>
<span class="sh_cbracket">}</span></code></pre>
</template>
