<?xml version="1.0" encoding="utf-8"?>
<?xml-stylesheet type="text/css" href="../additional_files/bootstrap.simplify.min.css"?>
<?xml-stylesheet type="text/css" href="../additional_files/sh_typical.min.css"?>
	
<template>
<title>有向图的强连通分量</title>
<pre class="sh_sourceCode"><code class="sh_cpp"><span class="sh_type">void</span> <span class="sh_function">dfs</span><span class="sh_symbol">(</span><span class="sh_type">int</span> x<span class="sh_symbol">)</span> <span class="sh_cbracket">{</span>
	<span class="sh_type">int</span> i<span class="sh_symbol">,</span> y<span class="sh_symbol">;</span>
	id<span class="sh_symbol">[</span>x<span class="sh_symbol">]</span> <span class="sh_symbol">=</span> low<span class="sh_symbol">[</span>x<span class="sh_symbol">]</span> <span class="sh_symbol">=</span> <span class="sh_symbol">++</span>cnt<span class="sh_symbol">;</span> instack<span class="sh_symbol">[</span>x<span class="sh_symbol">]</span> <span class="sh_symbol">=</span> <span class="sh_number">1</span><span class="sh_symbol">;</span> sta<span class="sh_symbol">[</span>stc<span class="sh_symbol">++]</span> <span class="sh_symbol">=</span> x<span class="sh_symbol">;</span>
	<span class="sh_keyword">for</span><span class="sh_symbol">(</span>i <span class="sh_symbol">=</span> first<span class="sh_symbol">[</span>x<span class="sh_symbol">];</span> i<span class="sh_symbol">;</span> i <span class="sh_symbol">=</span> next<span class="sh_symbol">[</span>i<span class="sh_symbol">])</span><span class="sh_cbracket">{</span>
		<span class="sh_keyword">if</span><span class="sh_symbol">(!</span>id<span class="sh_symbol">[</span>y <span class="sh_symbol">=</span> to<span class="sh_symbol">[</span>i<span class="sh_symbol">]])</span><span class="sh_cbracket">{</span>
			<span class="sh_function">dfs</span><span class="sh_symbol">(</span>y<span class="sh_symbol">);</span> <span class="sh_function">down</span><span class="sh_symbol">(</span>low<span class="sh_symbol">[</span>x<span class="sh_symbol">],</span> low<span class="sh_symbol">[</span>y<span class="sh_symbol">]);</span> <span class="sh_comment">// down(x, y): x = min(x, y)</span>
		<span class="sh_cbracket">}</span><span class="sh_keyword">else</span> <span class="sh_keyword">if</span><span class="sh_symbol">(</span>instack<span class="sh_symbol">[</span>y<span class="sh_symbol">])</span>
			<span class="sh_function">down</span><span class="sh_symbol">(</span>low<span class="sh_symbol">[</span>x<span class="sh_symbol">],</span> id<span class="sh_symbol">[</span>y<span class="sh_symbol">]);</span>
	<span class="sh_cbracket">}</span>
	<span class="sh_keyword">if</span><span class="sh_symbol">(</span>id<span class="sh_symbol">[</span>x<span class="sh_symbol">]</span> <span class="sh_symbol">==</span> low<span class="sh_symbol">[</span>x<span class="sh_symbol">])</span>
		<span class="sh_keyword">for</span><span class="sh_symbol">(</span>y <span class="sh_symbol">=</span> <span class="sh_symbol">-</span><span class="sh_number">1</span><span class="sh_symbol">;</span> y <span class="sh_symbol">!=</span> x<span class="sh_symbol">;</span> <span class="sh_symbol">)</span><span class="sh_cbracket">{</span>
			y <span class="sh_symbol">=</span> sta<span class="sh_symbol">[--</span>stc<span class="sh_symbol">];</span> instack<span class="sh_symbol">[</span>y<span class="sh_symbol">]</span> <span class="sh_symbol">=</span> <span class="sh_number">0</span><span class="sh_symbol">;</span> top<span class="sh_symbol">[</span>y<span class="sh_symbol">]</span> <span class="sh_symbol">=</span> x<span class="sh_symbol">;</span>
		<span class="sh_cbracket">}</span>
<span class="sh_cbracket">}</span></code></pre>
</template>
