<?xml version="1.0" encoding="utf-8"?>
<?xml-stylesheet type="text/css" href="../additional_files/bootstrap.simplify.min.css"?>
<?xml-stylesheet type="text/css" href="../additional_files/sh_typical.min.css"?>
	
<template>
<title>有向无环图的拓扑排序</title>
<pre class="sh_sourceCode"><code class="sh_cpp"><span class="sh_type">void</span> <span class="sh_function">Toposort</span><span class="sh_symbol">()</span><span class="sh_cbracket">{</span>
	<span class="sh_type">int</span> h<span class="sh_symbol">,</span> t <span class="sh_symbol">=</span> <span class="sh_number">0</span><span class="sh_symbol">,</span> x<span class="sh_symbol">,</span> y<span class="sh_symbol">,</span> i<span class="sh_symbol">;</span>
	<span class="sh_keyword">for</span><span class="sh_symbol">(</span>i <span class="sh_symbol">=</span> <span class="sh_number">1</span><span class="sh_symbol">;</span> i <span class="sh_symbol">&lt;=</span> V<span class="sh_symbol">;</span> <span class="sh_symbol">++</span>i<span class="sh_symbol">)</span> <span class="sh_keyword">if</span><span class="sh_symbol">(!</span>deg<span class="sh_symbol">[</span>i<span class="sh_symbol">])</span> que<span class="sh_symbol">[</span>t<span class="sh_symbol">++]</span> <span class="sh_symbol">=</span> i<span class="sh_symbol">;</span>
	<span class="sh_keyword">for</span><span class="sh_symbol">(</span>h <span class="sh_symbol">=</span> <span class="sh_number">0</span><span class="sh_symbol">;</span> h <span class="sh_symbol">&lt;</span> t<span class="sh_symbol">;</span> <span class="sh_symbol">++</span>h<span class="sh_symbol">)</span><span class="sh_cbracket">{</span>
		Topo<span class="sh_symbol">[++</span>tpc<span class="sh_symbol">]</span> <span class="sh_symbol">=</span> x <span class="sh_symbol">=</span> que<span class="sh_symbol">[</span>h<span class="sh_symbol">];</span>
		<span class="sh_keyword">for</span><span class="sh_symbol">(</span>i <span class="sh_symbol">=</span> first<span class="sh_symbol">[</span>x<span class="sh_symbol">];</span> i<span class="sh_symbol">;</span> i <span class="sh_symbol">=</span> next<span class="sh_symbol">[</span>i<span class="sh_symbol">])</span>
			<span class="sh_keyword">if</span><span class="sh_symbol">(!--</span>deg<span class="sh_symbol">[</span>y <span class="sh_symbol">=</span> to<span class="sh_symbol">[</span>i<span class="sh_symbol">]])</span>
				que<span class="sh_symbol">[</span>t<span class="sh_symbol">++]</span> <span class="sh_symbol">=</span> y<span class="sh_symbol">;</span>
	<span class="sh_cbracket">}</span>
<span class="sh_cbracket">}</span></code></pre>
</template>
