<?xml version="1.0" encoding="utf-8"?>
<?xml-stylesheet type="text/css" href="../additional_files/bootstrap.simplify.min.css"?>
<?xml-stylesheet type="text/css" href="../additional_files/sh_typical.min.css"?>
	
<template>
<title>无向图的桥边</title>
<pre class="sh_sourceCode"><code class="sh_cpp"><span class="sh_type">void</span> <span class="sh_function">dfs</span><span class="sh_symbol">(</span><span class="sh_type">int</span> x<span class="sh_symbol">,</span> <span class="sh_type">int</span> px<span class="sh_symbol">)</span><span class="sh_cbracket">{</span>
	<span class="sh_type">int</span> i<span class="sh_symbol">,</span> y<span class="sh_symbol">;</span>
	id<span class="sh_symbol">[</span>x<span class="sh_symbol">]</span> <span class="sh_symbol">=</span> low<span class="sh_symbol">[</span>x<span class="sh_symbol">]</span> <span class="sh_symbol">=</span> <span class="sh_symbol">++</span>cnt<span class="sh_symbol">;</span>
	<span class="sh_keyword">for</span><span class="sh_symbol">(</span>i <span class="sh_symbol">=</span> first<span class="sh_symbol">[</span>x<span class="sh_symbol">];</span> i<span class="sh_symbol">;</span> i <span class="sh_symbol">=</span> next<span class="sh_symbol">[</span>i<span class="sh_symbol">])</span>
		<span class="sh_keyword">if</span><span class="sh_symbol">(!</span>id<span class="sh_symbol">[</span>y <span class="sh_symbol">=</span> to<span class="sh_symbol">[</span>i<span class="sh_symbol">]])</span><span class="sh_cbracket">{</span>
			<span class="sh_function">dfs</span><span class="sh_symbol">(</span>y<span class="sh_symbol">,</span> x<span class="sh_symbol">);</span>
			<span class="sh_function">down</span><span class="sh_symbol">(</span>low<span class="sh_symbol">[</span>x<span class="sh_symbol">],</span> low<span class="sh_symbol">[</span>y<span class="sh_symbol">]);</span>
			<span class="sh_keyword">if</span><span class="sh_symbol">(</span>id<span class="sh_symbol">[</span>x<span class="sh_symbol">]</span> <span class="sh_symbol">&lt;</span> low<span class="sh_symbol">[</span>y<span class="sh_symbol">])</span> <span class="sh_comment">// edge i is a bridge</span>
		<span class="sh_cbracket">}</span><span class="sh_keyword">else</span>
			low<span class="sh_symbol">[</span>x<span class="sh_symbol">]</span> <span class="sh_symbol">=</span> <span class="sh_function">min</span><span class="sh_symbol">(</span>low<span class="sh_symbol">[</span>x<span class="sh_symbol">],</span> id<span class="sh_symbol">[</span>y<span class="sh_symbol">]);</span>
<span class="sh_cbracket">}</span></code></pre>
</template>
