<?xml version="1.0" encoding="utf-8"?>
<?xml-stylesheet type="text/css" href="../additional_files/bootstrap.simplify.min.css"?>
<?xml-stylesheet type="text/css" href="../additional_files/sh_typical.min.css"?>
	
<template>
<title>带权 edge 结构体</title>
<pre class="sh_sourceCode"><code class="sh_cpp"><span class="sh_keyword">struct</span><span class="sh_normal"> </span><span class="sh_classname">edge</span><span class="sh_cbracket">{</span>
	<span class="sh_type">int</span> u<span class="sh_symbol">,</span> v<span class="sh_symbol">,</span> w<span class="sh_symbol">;</span>
	<span class="sh_function">edge</span><span class="sh_symbol">(</span><span class="sh_type">int</span> u0 <span class="sh_symbol">=</span> <span class="sh_number">0</span><span class="sh_symbol">,</span> <span class="sh_type">int</span> v0 <span class="sh_symbol">=</span> <span class="sh_number">0</span><span class="sh_symbol">,</span> <span class="sh_type">int</span> w0 <span class="sh_symbol">=</span> <span class="sh_number">0</span><span class="sh_symbol">):</span> <span class="sh_function">u</span><span class="sh_symbol">(</span>u0<span class="sh_symbol">),</span> <span class="sh_function">v</span><span class="sh_symbol">(</span>v0<span class="sh_symbol">),</span> <span class="sh_function">w</span><span class="sh_symbol">(</span>w0<span class="sh_symbol">)</span> <span class="sh_cbracket">{}</span>
<span class="sh_cbracket">}</span><span class="sh_symbol">;</span></code></pre>
</template>
