<?xml version="1.0" encoding="utf-8"?>
<?xml-stylesheet type="text/css" href="../additional_files/bootstrap.simplify.min.css"?>
<?xml-stylesheet type="text/css" href="../additional_files/sh_typical.min.css"?>
	
<template>
<title>所有点对的最短路 (Floyd)</title>
<pre class="sh_sourceCode"><code class="sh_cpp"><span class="sh_type">int</span> <span class="sh_function">Floyd</span><span class="sh_symbol">()</span><span class="sh_cbracket">{</span>
	<span class="sh_type">int</span> i<span class="sh_symbol">,</span> j<span class="sh_symbol">,</span> k<span class="sh_symbol">;</span>
	<span class="sh_keyword">for</span><span class="sh_symbol">(</span>k <span class="sh_symbol">=</span> <span class="sh_number">1</span><span class="sh_symbol">;</span> k <span class="sh_symbol">&lt;=</span> V<span class="sh_symbol">;</span> k<span class="sh_symbol">++)</span>
		<span class="sh_keyword">for</span><span class="sh_symbol">(</span>i <span class="sh_symbol">=</span> <span class="sh_number">1</span><span class="sh_symbol">;</span> i <span class="sh_symbol">&lt;=</span> V<span class="sh_symbol">;</span> i<span class="sh_symbol">++)</span>
			<span class="sh_keyword">for</span><span class="sh_symbol">(</span>j <span class="sh_symbol">=</span> <span class="sh_number">1</span><span class="sh_symbol">;</span> j <span class="sh_symbol">&lt;=</span> V<span class="sh_symbol">;</span> j<span class="sh_symbol">++)</span>
				<span class="sh_function">down</span><span class="sh_symbol">(</span>d<span class="sh_symbol">[</span>i<span class="sh_symbol">][</span>j<span class="sh_symbol">],</span> d<span class="sh_symbol">[</span>i<span class="sh_symbol">][</span>k<span class="sh_symbol">]</span> <span class="sh_symbol">+</span> d<span class="sh_symbol">[</span>k<span class="sh_symbol">][</span>j<span class="sh_symbol">]);</span>
	<span class="sh_keyword">return</span> <span class="sh_number">0</span><span class="sh_symbol">;</span>
<span class="sh_cbracket">}</span></code></pre>
</template>
