<?xml version="1.0" encoding="utf-8"?>
<?xml-stylesheet type="text/css" href="../additional_files/bootstrap.simplify.min.css"?>
<?xml-stylesheet type="text/css" href="../additional_files/sh_typical.min.css"?>
	
<template>
<title>二分图最大匹配 (增广路算法)</title>
<pre class="sh_sourceCode"><code class="sh_cpp"><span class="sh_type">bool</span> <span class="sh_function">dfs</span><span class="sh_symbol">(</span><span class="sh_type">int</span> x<span class="sh_symbol">)</span><span class="sh_cbracket">{</span>
	<span class="sh_keyword">for</span><span class="sh_symbol">(</span><span class="sh_type">int</span> i <span class="sh_symbol">=</span> <span class="sh_number">1</span><span class="sh_symbol">;</span> i <span class="sh_symbol">&lt;=</span> n_g<span class="sh_symbol">;</span> i<span class="sh_symbol">++)</span>
		<span class="sh_keyword">if</span><span class="sh_symbol">(</span>e<span class="sh_symbol">[</span>x<span class="sh_symbol">][</span>i<span class="sh_symbol">]</span> <span class="sh_symbol">&amp;&amp;</span> <span class="sh_symbol">!</span>used<span class="sh_symbol">[</span>i<span class="sh_symbol">])</span><span class="sh_cbracket">{</span>
			used<span class="sh_symbol">[</span>i<span class="sh_symbol">]</span> <span class="sh_symbol">=</span> <span class="sh_number">1</span><span class="sh_symbol">;</span>
			<span class="sh_keyword">if</span><span class="sh_symbol">(!</span>boy<span class="sh_symbol">[</span>i<span class="sh_symbol">]</span> <span class="sh_symbol">||</span> <span class="sh_function">dfs</span><span class="sh_symbol">(</span>boy<span class="sh_symbol">[</span>i<span class="sh_symbol">]))</span><span class="sh_cbracket">{</span>
				boy<span class="sh_symbol">[</span>i<span class="sh_symbol">]</span> <span class="sh_symbol">=</span> x<span class="sh_symbol">;</span> girl<span class="sh_symbol">[</span>x<span class="sh_symbol">]</span> <span class="sh_symbol">=</span> i<span class="sh_symbol">;</span> <span class="sh_keyword">return</span> <span class="sh_keyword">true</span><span class="sh_symbol">;</span>
			<span class="sh_cbracket">}</span>
		<span class="sh_cbracket">}</span>
	<span class="sh_keyword">return</span> <span class="sh_keyword">false</span><span class="sh_symbol">;</span>
<span class="sh_cbracket">}</span></code></pre>
</template>
