<?xml version="1.0" encoding="utf-8"?>
<?xml-stylesheet type="text/css" href="../additional_files/bootstrap.simplify.min.css"?>
<?xml-stylesheet type="text/css" href="../additional_files/sh_typical.min.css"?>

<template>
<title>最大公约数 (gcd)</title>
<pre class="sh_sourceCode"><code class="sh_cpp"><span class="sh_type">int</span> <span class="sh_function">gcd</span><span class="sh_symbol">(</span><span class="sh_type">int</span> a<span class="sh_symbol">,</span> <span class="sh_type">int</span> b<span class="sh_symbol">)</span> <span class="sh_cbracket">{</span><span class="sh_keyword">return</span> b <span class="sh_symbol">?</span> <span class="sh_function">gcd</span><span class="sh_symbol">(</span>b<span class="sh_symbol">,</span> a <span class="sh_symbol">%</span> b<span class="sh_symbol">)</span> <span class="sh_symbol">:</span> a<span class="sh_symbol">;</span><span class="sh_cbracket">}</span></code></pre>
</template>
