<?xml version="1.0" encoding="utf-8"?>
<?xml-stylesheet type="text/css" href="../additional_files/bootstrap.simplify.min.css"?>
<?xml-stylesheet type="text/css" href="../additional_files/sh_typical.min.css"?>
	
<template>
<title>快速幂 (递归版本)</title>
<pre class="sh_sourceCode"><code class="sh_cpp">ll <span class="sh_function">PowerMod</span><span class="sh_symbol">(</span>ll a<span class="sh_symbol">,</span> ll n<span class="sh_symbol">,</span> ll m <span class="sh_symbol">=</span> mod<span class="sh_symbol">)</span><span class="sh_cbracket">{</span>
	<span class="sh_keyword">if</span><span class="sh_symbol">(!</span>n <span class="sh_symbol">||</span> a <span class="sh_symbol">==</span> <span class="sh_number">1</span><span class="sh_symbol">)</span> <span class="sh_keyword">return</span> <span class="sh_number">1ll</span><span class="sh_symbol">;</span>
	ll s <span class="sh_symbol">=</span> <span class="sh_function">PowerMod</span><span class="sh_symbol">(</span>a<span class="sh_symbol">,</span> n <span class="sh_symbol">&gt;&gt;</span> <span class="sh_number">1</span><span class="sh_symbol">,</span> m<span class="sh_symbol">);</span>
	<span class="sh_symbol">(</span>s <span class="sh_symbol">*=</span> s<span class="sh_symbol">)</span> <span class="sh_symbol">%=</span> m<span class="sh_symbol">;</span>
	<span class="sh_keyword">return</span> n <span class="sh_symbol">&amp;</span> <span class="sh_number">1</span> <span class="sh_symbol">?</span> s <span class="sh_symbol">*</span> a <span class="sh_symbol">%</span> m <span class="sh_symbol">:</span> s<span class="sh_symbol">;</span>
<span class="sh_cbracket">}</span></code></pre>
</template>
