<?xml version="1.0" encoding="utf-8"?>
<?xml-stylesheet type="text/css" href="../additional_files/bootstrap.simplify.min.css"?>
<?xml-stylesheet type="text/css" href="../additional_files/sh_typical.min.css"?>
	
<template>
<title>扩展 Euclid 算法 (exgcd)</title>
<pre class="sh_sourceCode"><code class="sh_cpp">ll <span class="sh_function">gcdex</span><span class="sh_symbol">(</span>ll a<span class="sh_symbol">,</span> ll b<span class="sh_symbol">,</span> ll <span class="sh_symbol">&amp;</span>x<span class="sh_symbol">,</span> ll <span class="sh_symbol">&amp;</span>y<span class="sh_symbol">)</span><span class="sh_cbracket">{</span>
	<span class="sh_keyword">if</span><span class="sh_symbol">(</span>b<span class="sh_symbol">)</span> <span class="sh_cbracket">{</span>ll d <span class="sh_symbol">=</span> <span class="sh_function">gcdex</span><span class="sh_symbol">(</span>b<span class="sh_symbol">,</span> a <span class="sh_symbol">%</span> b<span class="sh_symbol">,</span> y<span class="sh_symbol">,</span> x<span class="sh_symbol">);</span> y <span class="sh_symbol">-=</span> a <span class="sh_symbol">/</span> b <span class="sh_symbol">*</span> x<span class="sh_symbol">;</span> <span class="sh_keyword">return</span> d<span class="sh_symbol">;</span><span class="sh_cbracket">}</span>
	<span class="sh_keyword">else</span> <span class="sh_cbracket">{</span>x <span class="sh_symbol">=</span> <span class="sh_number">1</span><span class="sh_symbol">;</span> y <span class="sh_symbol">=</span> <span class="sh_number">0</span><span class="sh_symbol">;</span> <span class="sh_keyword">return</span> a<span class="sh_symbol">;</span><span class="sh_cbracket">}</span>
<span class="sh_cbracket">}</span></code></pre>
</template>
