<?xml version="1.0" encoding="utf-8"?>
<?xml-stylesheet type="text/css" href="../additional_files/bootstrap.simplify.min.css"?>
<?xml-stylesheet type="text/css" href="../additional_files/sh_typical.min.css"?>
	
<template>
<title>线性推逆元</title>
<pre class="sh_sourceCode"><code class="sh_cpp">inv<span class="sh_symbol">[</span><span class="sh_number">1</span><span class="sh_symbol">]</span> <span class="sh_symbol">=</span> <span class="sh_number">1</span><span class="sh_symbol">;</span>
<span class="sh_keyword">for</span><span class="sh_symbol">(</span>i <span class="sh_symbol">=</span> <span class="sh_number">2</span><span class="sh_symbol">;</span> i <span class="sh_symbol">&lt;=</span> n<span class="sh_symbol">;</span> <span class="sh_symbol">++</span>i<span class="sh_symbol">)</span>
	inv<span class="sh_symbol">[</span>i<span class="sh_symbol">]</span> <span class="sh_symbol">=</span> <span class="sh_symbol">(</span>ll<span class="sh_symbol">)(</span>mod <span class="sh_symbol">-</span> mod <span class="sh_symbol">/</span> i<span class="sh_symbol">)</span> <span class="sh_symbol">*</span> inv<span class="sh_symbol">[</span>mod <span class="sh_symbol">%</span> i<span class="sh_symbol">]</span> <span class="sh_symbol">%</span> mod<span class="sh_symbol">;</span></code></pre>
</template>
