<?xml version="1.0" encoding="utf-8"?>
<?xml-stylesheet type="text/css" href="../additional_files/bootstrap.simplify.min.css"?>
<?xml-stylesheet type="text/css" href="../additional_files/sh_typical.min.css"?>
	
<template>
<title>分解质因数</title>
<pre class="sh_sourceCode"><code class="sh_cpp"><span class="sh_type">void</span> <span class="sh_function">Factor</span><span class="sh_symbol">(</span>ll n<span class="sh_symbol">)</span><span class="sh_cbracket">{</span>
	<span class="sh_type">int</span> i<span class="sh_symbol">,</span> j<span class="sh_symbol">;</span>
	<span class="sh_keyword">for</span><span class="sh_symbol">(</span>i <span class="sh_symbol">=</span> <span class="sh_number">0</span><span class="sh_symbol">;</span> n <span class="sh_symbol">&gt;</span> <span class="sh_number">1</span><span class="sh_symbol">;</span> <span class="sh_symbol">)</span>
		<span class="sh_keyword">if</span><span class="sh_symbol">(</span>n <span class="sh_symbol">&gt;</span> N<span class="sh_symbol">)</span><span class="sh_cbracket">{</span>
			<span class="sh_keyword">for</span><span class="sh_symbol">(;</span> i <span class="sh_symbol">&lt;</span> pn <span class="sh_symbol">&amp;&amp;</span> p<span class="sh_symbol">[</span>i<span class="sh_symbol">]</span> <span class="sh_symbol">*</span> p<span class="sh_symbol">[</span>i<span class="sh_symbol">]</span> <span class="sh_symbol">&lt;=</span> n<span class="sh_symbol">;</span> <span class="sh_symbol">++</span>i<span class="sh_symbol">)</span>
				<span class="sh_keyword">if</span><span class="sh_symbol">(!(</span>n <span class="sh_symbol">%</span> p<span class="sh_symbol">[</span>i<span class="sh_symbol">]))</span><span class="sh_cbracket">{</span>
					<span class="sh_keyword">for</span><span class="sh_symbol">(</span>j<span class="sh_symbol">;</span> <span class="sh_symbol">!(</span>n <span class="sh_symbol">%</span> p<span class="sh_symbol">[</span>i<span class="sh_symbol">]);</span> n <span class="sh_symbol">/=</span> p<span class="sh_symbol">[</span>i<span class="sh_symbol">],</span> <span class="sh_symbol">++</span>j<span class="sh_symbol">);</span>
					<span class="sh_function">push</span><span class="sh_symbol">(</span>id<span class="sh_symbol">,</span> p<span class="sh_symbol">[</span>i<span class="sh_symbol">],</span> j<span class="sh_symbol">);</span> <span class="sh_keyword">break</span><span class="sh_symbol">;</span>
				<span class="sh_cbracket">}</span>
			<span class="sh_keyword">if</span><span class="sh_symbol">(!</span>j<span class="sh_symbol">)</span> <span class="sh_cbracket">{</span><span class="sh_function">push</span><span class="sh_symbol">(</span>id<span class="sh_symbol">,</span> n<span class="sh_symbol">,</span> <span class="sh_number">1</span><span class="sh_symbol">);</span> <span class="sh_keyword">return</span><span class="sh_symbol">;</span><span class="sh_cbracket">}</span>
		<span class="sh_cbracket">}</span><span class="sh_keyword">else</span><span class="sh_cbracket">{</span>
			i <span class="sh_symbol">=</span> c<span class="sh_symbol">[</span>n<span class="sh_symbol">]</span> <span class="sh_symbol">?</span> c<span class="sh_symbol">[</span>n<span class="sh_symbol">]</span> <span class="sh_symbol">:</span> n<span class="sh_symbol">;</span>
			<span class="sh_keyword">for</span><span class="sh_symbol">(</span>j <span class="sh_symbol">=</span> <span class="sh_number">0</span><span class="sh_symbol">;</span> <span class="sh_symbol">!(</span>n <span class="sh_symbol">%</span> i<span class="sh_symbol">);</span> n <span class="sh_symbol">/=</span> i<span class="sh_symbol">,</span> <span class="sh_symbol">++</span>j<span class="sh_symbol">);</span>
			<span class="sh_function">push</span><span class="sh_symbol">(</span>id<span class="sh_symbol">,</span> i<span class="sh_symbol">,</span> j<span class="sh_symbol">);</span>
		<span class="sh_cbracket">}</span>
<span class="sh_cbracket">}</span></code></pre>
</template>
