<?xml version="1.0" encoding="utf-8"?>
<?xml-stylesheet type="text/css" href="../additional_files/bootstrap.simplify.min.css"?>
<?xml-stylesheet type="text/css" href="../additional_files/sh_typical.min.css"?>
	
<template>
<title>遍历 &#x230A;n / i&#x230B; 的所有可能值 (分块，版本 1)</title>
<pre class="sh_sourceCode"><code class="sh_cpp"><span class="sh_preproc">#define</span> <span class="sh_function">next</span><span class="sh_symbol">(</span>n<span class="sh_symbol">,</span> i<span class="sh_symbol">)</span> <span class="sh_symbol">(</span>n <span class="sh_symbol">/</span> <span class="sh_symbol">(</span>n <span class="sh_symbol">/</span> i <span class="sh_symbol">+</span> <span class="sh_number">1</span><span class="sh_symbol">))</span>
<span class="sh_keyword">for</span><span class="sh_symbol">(</span>i <span class="sh_symbol">=</span> n<span class="sh_symbol">;</span> i <span class="sh_symbol">&gt;=</span> <span class="sh_number">1</span><span class="sh_symbol">;</span> i <span class="sh_symbol">=</span> j<span class="sh_symbol">)</span><span class="sh_cbracket">{</span>
	j <span class="sh_symbol">=</span> <span class="sh_function">next</span><span class="sh_symbol">(</span>n<span class="sh_symbol">,</span> i<span class="sh_symbol">);</span>
	<span class="sh_comment">// do something</span>
<span class="sh_cbracket">}</span></code></pre>
</template>
