<?xml version="1.0" encoding="utf-8"?>
<?xml-stylesheet type="text/css" href="../additional_files/bootstrap.simplify.min.css"?>
<?xml-stylesheet type="text/css" href="../additional_files/sh_typical.min.css"?>
	
<template>
<title>Manacher 回文串</title>
<pre class="sh_sourceCode"><code class="sh_cpp"><span class="sh_type">int</span> <span class="sh_function">Manacher</span><span class="sh_symbol">()</span><span class="sh_cbracket">{</span>
	<span class="sh_type">int</span> n <span class="sh_symbol">=</span> <span class="sh_number">2</span><span class="sh_symbol">,</span> i<span class="sh_symbol">,</span> Max <span class="sh_symbol">=</span> <span class="sh_number">0</span><span class="sh_symbol">,</span> M <span class="sh_symbol">=</span> <span class="sh_number">0</span><span class="sh_symbol">,</span> ans <span class="sh_symbol">=</span> <span class="sh_number">0</span><span class="sh_symbol">;</span>
	t<span class="sh_symbol">[</span><span class="sh_number">0</span><span class="sh_symbol">]</span> <span class="sh_symbol">=</span> <span class="sh_number">2</span><span class="sh_symbol">;</span> t<span class="sh_symbol">[</span><span class="sh_number">1</span><span class="sh_symbol">]</span> <span class="sh_symbol">=</span> <span class="sh_number">1</span><span class="sh_symbol">;</span>
	<span class="sh_keyword">for</span><span class="sh_symbol">(</span>i <span class="sh_symbol">=</span> <span class="sh_number">0</span><span class="sh_symbol">;</span> i <span class="sh_symbol">&lt;</span> S<span class="sh_symbol">;</span> i<span class="sh_symbol">++)</span>
		t<span class="sh_symbol">[</span>n<span class="sh_symbol">++]</span> <span class="sh_symbol">=</span> s<span class="sh_symbol">[</span>i<span class="sh_symbol">],</span> t<span class="sh_symbol">[</span>n<span class="sh_symbol">++]</span> <span class="sh_symbol">=</span> <span class="sh_number">1</span><span class="sh_symbol">;</span>
	<span class="sh_keyword">for</span><span class="sh_symbol">(</span>i <span class="sh_symbol">=</span> <span class="sh_number">0</span><span class="sh_symbol">;</span> i <span class="sh_symbol">&lt;</span> n<span class="sh_symbol">;</span> i<span class="sh_symbol">++)</span><span class="sh_cbracket">{</span>
		f<span class="sh_symbol">[</span>i<span class="sh_symbol">]</span> <span class="sh_symbol">=</span> i <span class="sh_symbol">&lt;</span> Max <span class="sh_symbol">?</span> <span class="sh_function">min</span><span class="sh_symbol">(</span>f<span class="sh_symbol">[(</span>M <span class="sh_symbol">&lt;&lt;</span> <span class="sh_number">1</span><span class="sh_symbol">)</span> <span class="sh_symbol">-</span> i<span class="sh_symbol">],</span> Max <span class="sh_symbol">-</span> i<span class="sh_symbol">)</span> <span class="sh_symbol">:</span> <span class="sh_number">1</span><span class="sh_symbol">;</span>
		<span class="sh_keyword">for</span><span class="sh_symbol">(;</span> t<span class="sh_symbol">[</span>i <span class="sh_symbol">+</span> f<span class="sh_symbol">[</span>i<span class="sh_symbol">]]</span> <span class="sh_symbol">==</span> t<span class="sh_symbol">[</span>i <span class="sh_symbol">-</span> f<span class="sh_symbol">[</span>i<span class="sh_symbol">]];</span> <span class="sh_symbol">++</span>f<span class="sh_symbol">[</span>i<span class="sh_symbol">]);</span>
		<span class="sh_keyword">if</span><span class="sh_symbol">(</span>Max <span class="sh_symbol">&lt;</span> i <span class="sh_symbol">+</span> f<span class="sh_symbol">[</span>i<span class="sh_symbol">])</span>
			Max <span class="sh_symbol">=</span> i <span class="sh_symbol">+</span> f<span class="sh_symbol">[</span>i<span class="sh_symbol">],</span> M <span class="sh_symbol">=</span> i<span class="sh_symbol">;</span>
		ans <span class="sh_symbol">=</span> <span class="sh_function">max</span><span class="sh_symbol">(</span>ans<span class="sh_symbol">,</span> f<span class="sh_symbol">[</span>i<span class="sh_symbol">]);</span>
	<span class="sh_cbracket">}</span>
	<span class="sh_keyword">return</span> <span class="sh_symbol">--</span>ans<span class="sh_symbol">;</span>
<span class="sh_cbracket">}</span></code></pre>
</template>
