<?xml version="1.0" encoding="utf-8"?>
<?xml-stylesheet type="text/css" href="../additional_files/bootstrap.simplify.min.css"?>
<?xml-stylesheet type="text/css" href="../additional_files/sh_typical.min.css"?>
	
<template>
<title>回文自动机</title>
<pre class="sh_sourceCode"><code class="sh_cpp"><span class="sh_type">char</span> s<span class="sh_symbol">[</span>N<span class="sh_symbol">],</span> <span class="sh_symbol">*</span>ptr<span class="sh_symbol">;</span>
<span class="sh_type">int</span> d<span class="sh_symbol">[</span>N<span class="sh_symbol">][</span><span class="sh_number">26</span><span class="sh_symbol">],</span> fail<span class="sh_symbol">[</span>N<span class="sh_symbol">],</span> val<span class="sh_symbol">[</span>N<span class="sh_symbol">],</span> count<span class="sh_symbol">[</span>N<span class="sh_symbol">];</span>
<span class="sh_type">int</span> i<span class="sh_symbol">,</span> cnt <span class="sh_symbol">=</span> <span class="sh_number">1</span><span class="sh_symbol">,</span> p<span class="sh_symbol">,</span> last <span class="sh_symbol">=</span> <span class="sh_number">0</span><span class="sh_symbol">;</span>

<span class="sh_type">int</span> <span class="sh_function">get_fail</span><span class="sh_symbol">(</span><span class="sh_type">int</span> x<span class="sh_symbol">)</span> <span class="sh_cbracket">{</span><span class="sh_keyword">for</span><span class="sh_symbol">(;</span> <span class="sh_symbol">*(</span>ptr <span class="sh_symbol">-</span> <span class="sh_symbol">(</span>val<span class="sh_symbol">[</span>x<span class="sh_symbol">]</span> <span class="sh_symbol">+</span> <span class="sh_number">1</span><span class="sh_symbol">))</span> <span class="sh_symbol">!=</span> <span class="sh_symbol">*</span>ptr<span class="sh_symbol">;</span> x <span class="sh_symbol">=</span> fail<span class="sh_symbol">[</span>x<span class="sh_symbol">]);</span> <span class="sh_keyword">return</span> x<span class="sh_symbol">;</span><span class="sh_cbracket">}</span>

<span class="sh_type">void</span> <span class="sh_function">extend</span><span class="sh_symbol">(</span><span class="sh_type">int</span> x<span class="sh_symbol">)</span><span class="sh_cbracket">{</span>
	p <span class="sh_symbol">=</span> <span class="sh_function">get_fail</span><span class="sh_symbol">(</span>last<span class="sh_symbol">);</span>
	<span class="sh_type">int</span> <span class="sh_symbol">&amp;</span>q <span class="sh_symbol">=</span> d<span class="sh_symbol">[</span>p<span class="sh_symbol">][</span>x<span class="sh_symbol">];</span>
	<span class="sh_keyword">if</span><span class="sh_symbol">(!</span>q<span class="sh_symbol">)</span> <span class="sh_cbracket">{</span>fail<span class="sh_symbol">[++</span>cnt<span class="sh_symbol">]</span> <span class="sh_symbol">=</span> d<span class="sh_symbol">[</span><span class="sh_function">get_fail</span><span class="sh_symbol">(</span>fail<span class="sh_symbol">[</span>p<span class="sh_symbol">])][</span>x<span class="sh_symbol">];</span> val<span class="sh_symbol">[</span>q <span class="sh_symbol">=</span> cnt<span class="sh_symbol">]</span> <span class="sh_symbol">=</span> val<span class="sh_symbol">[</span>p<span class="sh_symbol">]</span> <span class="sh_symbol">+</span> <span class="sh_number">2</span><span class="sh_symbol">;</span><span class="sh_cbracket">}</span>
	<span class="sh_symbol">++</span>count<span class="sh_symbol">[</span>last <span class="sh_symbol">=</span> q<span class="sh_symbol">];</span>
<span class="sh_cbracket">}</span>

<span class="sh_comment">// init with following operations, with s[] is a string start with 1.</span>
s<span class="sh_symbol">[</span><span class="sh_number">0</span><span class="sh_symbol">]</span> <span class="sh_symbol">=</span> val<span class="sh_symbol">[</span><span class="sh_number">1</span><span class="sh_symbol">]</span> <span class="sh_symbol">=</span> <span class="sh_symbol">-</span><span class="sh_number">1</span><span class="sh_symbol">;</span> fail<span class="sh_symbol">[</span><span class="sh_number">0</span><span class="sh_symbol">]</span> <span class="sh_symbol">=</span> <span class="sh_number">1</span><span class="sh_symbol">;</span>

<span class="sh_comment">// and end with following operations:</span>
<span class="sh_keyword">for</span><span class="sh_symbol">(</span>i <span class="sh_symbol">=</span> cnt<span class="sh_symbol">;</span> i <span class="sh_symbol">&gt;</span> <span class="sh_number">1</span><span class="sh_symbol">;</span> <span class="sh_symbol">--</span>i<span class="sh_symbol">)</span> count<span class="sh_symbol">[</span>fail<span class="sh_symbol">[</span>i<span class="sh_symbol">]]</span> <span class="sh_symbol">+=</span> count<span class="sh_symbol">[</span>i<span class="sh_symbol">];</span></code></pre>
</template>
