<?xml version="1.0" encoding="utf-8"?>
<?xml-stylesheet type="text/css" href="../additional_files/bootstrap.simplify.min.css"?>
<?xml-stylesheet type="text/css" href="../additional_files/sh_typical.min.css"?>
	
<template>
<title>字典树</title>
<pre class="sh_sourceCode"><code class="sh_cpp"><span class="sh_type">void</span> <span class="sh_function">append</span><span class="sh_symbol">(</span><span class="sh_type">char</span> <span class="sh_symbol">*</span>s<span class="sh_symbol">)</span><span class="sh_cbracket">{</span>
	<span class="sh_type">char</span> <span class="sh_symbol">*</span>p <span class="sh_symbol">=</span> s<span class="sh_symbol">;</span>
	<span class="sh_type">int</span> t <span class="sh_symbol">=</span> <span class="sh_number">1</span><span class="sh_symbol">,</span> id<span class="sh_symbol">;</span> <span class="sh_comment">// t = 0 is also OK</span>
	<span class="sh_keyword">for</span><span class="sh_symbol">(;</span> <span class="sh_symbol">*</span>p<span class="sh_symbol">;</span> <span class="sh_symbol">++</span>p<span class="sh_symbol">)</span><span class="sh_cbracket">{</span>
		id <span class="sh_symbol">=</span> <span class="sh_symbol">*</span>p <span class="sh_symbol">-</span> <span class="sh_number">97</span><span class="sh_symbol">;</span>
		t <span class="sh_symbol">=</span> d<span class="sh_symbol">[</span>t<span class="sh_symbol">][</span>id<span class="sh_symbol">]</span> <span class="sh_symbol">?</span> d<span class="sh_symbol">[</span>t<span class="sh_symbol">][</span>id<span class="sh_symbol">]</span> <span class="sh_symbol">:</span> <span class="sh_symbol">(</span>d<span class="sh_symbol">[</span>t<span class="sh_symbol">][</span>id<span class="sh_symbol">]</span> <span class="sh_symbol">=</span> <span class="sh_symbol">++</span>V<span class="sh_symbol">);</span>
	<span class="sh_cbracket">}</span>
	<span class="sh_symbol">++</span>val<span class="sh_symbol">[</span>t<span class="sh_symbol">];</span>
<span class="sh_cbracket">}</span>

<span class="sh_comment">// the process of matching is just like going on a DFA, so omit it.</span></code></pre>
</template>
