<?xml version="1.0" encoding="utf-8"?>
<?xml-stylesheet type="text/css" href="../additional_files/bootstrap.simplify.min.css"?>
<?xml-stylesheet type="text/css" href="../additional_files/sh_typical.min.css"?>
	
<template>
<title>KMP 模式匹配</title>
<pre class="sh_sourceCode"><code class="sh_cpp"><span class="sh_comment">// pretreatment (border) </span>
<span class="sh_keyword">for</span><span class="sh_symbol">(</span>i <span class="sh_symbol">=</span> <span class="sh_number">1</span><span class="sh_symbol">;</span> i <span class="sh_symbol">&lt;</span> s_n<span class="sh_symbol">;</span> <span class="sh_symbol">)</span><span class="sh_cbracket">{</span>
	<span class="sh_keyword">while</span><span class="sh_symbol">(</span>j <span class="sh_symbol">&gt;=</span> <span class="sh_number">0</span> <span class="sh_symbol">&amp;&amp;</span> s<span class="sh_symbol">[</span>j<span class="sh_symbol">]</span> <span class="sh_symbol">!=</span> s<span class="sh_symbol">[</span>i<span class="sh_symbol">])</span> j <span class="sh_symbol">=</span> f<span class="sh_symbol">[</span>j<span class="sh_symbol">];</span>
	f<span class="sh_symbol">[++</span>i<span class="sh_symbol">]</span> <span class="sh_symbol">=</span> <span class="sh_symbol">++</span>j<span class="sh_symbol">;</span>
<span class="sh_cbracket">}</span>

<span class="sh_comment">// KMP</span>
<span class="sh_keyword">for</span><span class="sh_symbol">(</span>i <span class="sh_symbol">=</span> <span class="sh_number">0</span><span class="sh_symbol">;</span> i <span class="sh_symbol">&lt;</span> m_n<span class="sh_symbol">;</span> i<span class="sh_symbol">++)</span><span class="sh_cbracket">{</span>
	<span class="sh_keyword">while</span><span class="sh_symbol">(</span>j <span class="sh_symbol">&gt;=</span> <span class="sh_number">0</span> <span class="sh_symbol">&amp;&amp;</span> s<span class="sh_symbol">[</span>j<span class="sh_symbol">]</span> <span class="sh_symbol">!=</span> m<span class="sh_symbol">[</span>i<span class="sh_symbol">])</span> j <span class="sh_symbol">=</span> f<span class="sh_symbol">[</span>j<span class="sh_symbol">];</span>
	<span class="sh_keyword">if</span><span class="sh_symbol">(++</span>j <span class="sh_symbol">==</span> s_n<span class="sh_symbol">)</span> <span class="sh_function">printf</span><span class="sh_symbol">(</span><span class="sh_string">"%d "</span><span class="sh_symbol">,</span> i <span class="sh_symbol">-</span> s_n <span class="sh_symbol">+</span> <span class="sh_number">2</span><span class="sh_symbol">);</span>
<span class="sh_cbracket">}</span></code></pre>
</template>
