<?xml version="1.0" encoding="utf-8"?>
<?xml-stylesheet type="text/css" href="../additional_files/bootstrap.simplify.min.css"?>
<?xml-stylesheet type="text/css" href="../additional_files/sh_typical.min.css"?>
	
<template>
<title>后缀数组 (倍增构造)</title>
<pre class="sh_sourceCode"><code class="sh_cpp"><span class="sh_comment">// definitions</span>
<span class="sh_type">int</span> n<span class="sh_symbol">,</span> i<span class="sh_symbol">,</span> j<span class="sh_symbol">,</span> p<span class="sh_symbol">,</span> m<span class="sh_symbol">;</span>
<span class="sh_type">char</span> s<span class="sh_symbol">[</span>MAX<span class="sh_symbol">];</span>
<span class="sh_type">int</span> sa<span class="sh_symbol">[</span>MAX<span class="sh_symbol">],</span> r1<span class="sh_symbol">[</span>MAX<span class="sh_symbol">],</span> r2<span class="sh_symbol">[</span>MAX<span class="sh_symbol">],</span> wv<span class="sh_symbol">[</span>MAX<span class="sh_symbol">],</span> wt<span class="sh_symbol">[</span>MAX<span class="sh_symbol">];</span>
<span class="sh_type">int</span> Ht<span class="sh_symbol">[</span>MAX<span class="sh_symbol">];</span>

<span class="sh_comment">// s is the original string, n is the length of s</span>
x <span class="sh_symbol">=</span> r1<span class="sh_symbol">;</span> y <span class="sh_symbol">=</span> r2<span class="sh_symbol">;</span> m <span class="sh_symbol">=</span> <span class="sh_number">27</span><span class="sh_symbol">;</span> <span class="sh_comment">// the size of char-set + 1</span>
<span class="sh_keyword">for</span><span class="sh_symbol">(</span>i <span class="sh_symbol">=</span> <span class="sh_number">0</span><span class="sh_symbol">;</span> i <span class="sh_symbol">&lt;</span> n<span class="sh_symbol">;</span> i<span class="sh_symbol">++)</span> <span class="sh_cbracket">{</span>sa<span class="sh_symbol">[</span>i<span class="sh_symbol">]</span> <span class="sh_symbol">=</span> i<span class="sh_symbol">;</span> x<span class="sh_symbol">[</span>i<span class="sh_symbol">]</span> <span class="sh_symbol">=</span> s<span class="sh_symbol">[</span>i<span class="sh_symbol">]</span> <span class="sh_symbol">-</span> <span class="sh_string">'`'</span><span class="sh_symbol">;</span><span class="sh_cbracket">}</span>
x<span class="sh_symbol">[</span>n<span class="sh_symbol">]</span> <span class="sh_symbol">=</span> <span class="sh_number">0</span><span class="sh_symbol">;</span>
<span class="sh_function">sort</span><span class="sh_symbol">(</span>sa<span class="sh_symbol">,</span> sa <span class="sh_symbol">+</span> n<span class="sh_symbol">,</span> cmp<span class="sh_symbol">);</span>
<span class="sh_keyword">for</span><span class="sh_symbol">(</span>j <span class="sh_symbol">=</span> <span class="sh_number">1</span><span class="sh_symbol">;</span> j <span class="sh_symbol">&lt;</span> n<span class="sh_symbol">;</span> j <span class="sh_symbol">&lt;&lt;=</span> <span class="sh_number">1</span><span class="sh_symbol">,</span> m <span class="sh_symbol">=</span> <span class="sh_symbol">++</span>p<span class="sh_symbol">)</span><span class="sh_cbracket">{</span>
	p <span class="sh_symbol">=</span> <span class="sh_number">0</span><span class="sh_symbol">;</span>
	<span class="sh_keyword">for</span><span class="sh_symbol">(</span>i <span class="sh_symbol">=</span> n <span class="sh_symbol">-</span> j<span class="sh_symbol">;</span> i <span class="sh_symbol">&lt;</span> n<span class="sh_symbol">;</span> i<span class="sh_symbol">++)</span> y<span class="sh_symbol">[</span>p<span class="sh_symbol">++]</span> <span class="sh_symbol">=</span> i<span class="sh_symbol">;</span>
	<span class="sh_keyword">for</span><span class="sh_symbol">(</span>i <span class="sh_symbol">=</span> <span class="sh_number">0</span><span class="sh_symbol">;</span> i <span class="sh_symbol">&lt;</span> n<span class="sh_symbol">;</span> i<span class="sh_symbol">++)</span>
		<span class="sh_keyword">if</span><span class="sh_symbol">(</span>sa<span class="sh_symbol">[</span>i<span class="sh_symbol">]</span> <span class="sh_symbol">&gt;=</span> j<span class="sh_symbol">)</span>
			y<span class="sh_symbol">[</span>p<span class="sh_symbol">++]</span> <span class="sh_symbol">=</span> sa<span class="sh_symbol">[</span>i<span class="sh_symbol">]</span> <span class="sh_symbol">-</span> j<span class="sh_symbol">;</span>
	<span class="sh_function">memset</span><span class="sh_symbol">(</span>wt<span class="sh_symbol">,</span> <span class="sh_number">0</span><span class="sh_symbol">,</span> m <span class="sh_symbol">&lt;&lt;</span> <span class="sh_number">2</span><span class="sh_symbol">);</span>
	<span class="sh_keyword">for</span><span class="sh_symbol">(</span>i <span class="sh_symbol">=</span> <span class="sh_number">0</span><span class="sh_symbol">;</span> i <span class="sh_symbol">&lt;</span> n<span class="sh_symbol">;</span> i<span class="sh_symbol">++)</span> <span class="sh_cbracket">{</span>wv<span class="sh_symbol">[</span>i<span class="sh_symbol">]</span> <span class="sh_symbol">=</span> x<span class="sh_symbol">[</span>y<span class="sh_symbol">[</span>i<span class="sh_symbol">]];</span> <span class="sh_symbol">++</span>wt<span class="sh_symbol">[</span>wv<span class="sh_symbol">[</span>i<span class="sh_symbol">]];</span><span class="sh_cbracket">}</span>
	<span class="sh_keyword">for</span><span class="sh_symbol">(</span>i <span class="sh_symbol">=</span> <span class="sh_number">1</span><span class="sh_symbol">;</span> i <span class="sh_symbol">&lt;</span> m<span class="sh_symbol">;</span> i<span class="sh_symbol">++)</span> wt<span class="sh_symbol">[</span>i<span class="sh_symbol">]</span> <span class="sh_symbol">+=</span> wt<span class="sh_symbol">[</span>i <span class="sh_symbol">-</span> <span class="sh_number">1</span><span class="sh_symbol">];</span>
	<span class="sh_keyword">for</span><span class="sh_symbol">(</span>i <span class="sh_symbol">=</span> n <span class="sh_symbol">-</span> <span class="sh_number">1</span><span class="sh_symbol">;</span> i <span class="sh_symbol">&gt;=</span> <span class="sh_number">0</span><span class="sh_symbol">;</span> i<span class="sh_symbol">--)</span> sa<span class="sh_symbol">[--</span>wt<span class="sh_symbol">[</span>wv<span class="sh_symbol">[</span>i<span class="sh_symbol">]]]</span> <span class="sh_symbol">=</span> y<span class="sh_symbol">[</span>i<span class="sh_symbol">];</span>
	<span class="sh_function">swap</span><span class="sh_symbol">(</span>x<span class="sh_symbol">,</span> y<span class="sh_symbol">);</span>
	x<span class="sh_symbol">[</span>sa<span class="sh_symbol">[</span><span class="sh_number">0</span><span class="sh_symbol">]]</span> <span class="sh_symbol">=</span> p <span class="sh_symbol">=</span> <span class="sh_number">1</span><span class="sh_symbol">;</span>
	<span class="sh_keyword">for</span><span class="sh_symbol">(</span>i <span class="sh_symbol">=</span> <span class="sh_number">1</span><span class="sh_symbol">;</span> i <span class="sh_symbol">&lt;</span> n<span class="sh_symbol">;</span> i<span class="sh_symbol">++)</span>
		x<span class="sh_symbol">[</span>sa<span class="sh_symbol">[</span>i<span class="sh_symbol">]]</span> <span class="sh_symbol">=</span> <span class="sh_function">cmp2</span><span class="sh_symbol">(</span>y<span class="sh_symbol">,</span> sa<span class="sh_symbol">[</span>i <span class="sh_symbol">-</span> <span class="sh_number">1</span><span class="sh_symbol">],</span> sa<span class="sh_symbol">[</span>i<span class="sh_symbol">],</span> j<span class="sh_symbol">)</span> <span class="sh_symbol">?</span> p <span class="sh_symbol">:</span> <span class="sh_symbol">++</span>p<span class="sh_symbol">;</span>
	x<span class="sh_symbol">[</span>n<span class="sh_symbol">]</span> <span class="sh_symbol">=</span> <span class="sh_number">0</span><span class="sh_symbol">;</span>
<span class="sh_cbracket">}</span>
<span class="sh_comment">// now the sa[] is the suffix array, number from 0. (0 ~ n-1)</span>
<span class="sh_comment">// and the x[] is the ranking array, number from 1. (1 ~ n)</span>
Ht<span class="sh_symbol">[</span><span class="sh_number">0</span><span class="sh_symbol">]</span> <span class="sh_symbol">=</span> p <span class="sh_symbol">=</span> <span class="sh_number">0</span><span class="sh_symbol">;</span>
<span class="sh_keyword">for</span><span class="sh_symbol">(</span>i <span class="sh_symbol">=</span> <span class="sh_number">0</span><span class="sh_symbol">;</span> i <span class="sh_symbol">&lt;</span> n<span class="sh_symbol">;</span> i<span class="sh_symbol">++)</span><span class="sh_cbracket">{</span>
	p <span class="sh_symbol">?</span> <span class="sh_symbol">--</span>p <span class="sh_symbol">:</span> <span class="sh_number">0</span><span class="sh_symbol">;</span>
	<span class="sh_keyword">if</span><span class="sh_symbol">(</span>x<span class="sh_symbol">[</span>i<span class="sh_symbol">]</span> <span class="sh_symbol">==</span> <span class="sh_number">1</span><span class="sh_symbol">)</span> <span class="sh_keyword">continue</span><span class="sh_symbol">;</span>
	<span class="sh_keyword">for</span><span class="sh_symbol">(</span>j <span class="sh_symbol">=</span> sa<span class="sh_symbol">[</span>x<span class="sh_symbol">[</span>i<span class="sh_symbol">]</span> <span class="sh_symbol">-</span> <span class="sh_number">2</span><span class="sh_symbol">];</span> s<span class="sh_symbol">[</span>i <span class="sh_symbol">+</span> p<span class="sh_symbol">]</span> <span class="sh_symbol">==</span> s<span class="sh_symbol">[</span>j <span class="sh_symbol">+</span> p<span class="sh_symbol">];</span> p<span class="sh_symbol">++);</span>	
	Ht<span class="sh_symbol">[</span>x<span class="sh_symbol">[</span>i<span class="sh_symbol">]</span> <span class="sh_symbol">-</span> <span class="sh_number">1</span><span class="sh_symbol">]</span> <span class="sh_symbol">=</span> p<span class="sh_symbol">;</span>
<span class="sh_cbracket">}</span>
<span class="sh_comment">// now Ht[i] is the longest common prefix of sa[i-1] and sa[i]</span></code></pre>
</template>
