<?xml version="1.0" encoding="utf-8"?>
<?xml-stylesheet type="text/css" href="../additional_files/bootstrap.simplify.min.css"?>
<?xml-stylesheet type="text/css" href="../additional_files/sh_typical.min.css"?>
	
<template>
<title>最近公共祖先 (LCA) 的倍增算法 (树上倍增的基本模板)</title>
<pre class="sh_sourceCode"><code class="sh_cpp"><span class="sh_type">void</span> <span class="sh_function">dfs</span><span class="sh_symbol">(</span><span class="sh_type">int</span> x<span class="sh_symbol">)</span><span class="sh_cbracket">{</span>
	<span class="sh_type">int</span> i<span class="sh_symbol">,</span> y<span class="sh_symbol">;</span>
	<span class="sh_keyword">for</span><span class="sh_symbol">(</span>i <span class="sh_symbol">=</span> <span class="sh_number">0</span><span class="sh_symbol">;</span> i <span class="sh_symbol">&lt;</span> <span class="sh_number">17</span> <span class="sh_symbol">&amp;&amp;</span> P<span class="sh_symbol">[</span>x<span class="sh_symbol">][</span>i<span class="sh_symbol">];</span> <span class="sh_symbol">++</span>i<span class="sh_symbol">)</span> <span class="sh_comment">// 17 is about log(V), you can change it properly</span>
		P<span class="sh_symbol">[</span>x<span class="sh_symbol">][</span>i <span class="sh_symbol">+</span> <span class="sh_number">1</span><span class="sh_symbol">]</span> <span class="sh_symbol">=</span> P<span class="sh_symbol">[</span>x<span class="sh_symbol">][</span>i<span class="sh_symbol">][</span>P<span class="sh_symbol">][</span>i<span class="sh_symbol">];</span>
	<span class="sh_keyword">for</span><span class="sh_symbol">(</span>i <span class="sh_symbol">=</span> first<span class="sh_symbol">[</span>x<span class="sh_symbol">];</span> i<span class="sh_symbol">;</span> i <span class="sh_symbol">=</span> next<span class="sh_symbol">[</span>i<span class="sh_symbol">])</span>
		<span class="sh_keyword">if</span><span class="sh_symbol">((</span>y <span class="sh_symbol">=</span> to<span class="sh_symbol">[</span>i<span class="sh_symbol">])</span> <span class="sh_symbol">!=</span> P<span class="sh_symbol">[</span>x<span class="sh_symbol">][</span><span class="sh_number">0</span><span class="sh_symbol">])</span><span class="sh_cbracket">{</span>
			dep<span class="sh_symbol">[</span>y<span class="sh_symbol">]</span> <span class="sh_symbol">=</span> dep<span class="sh_symbol">[</span>x<span class="sh_symbol">]</span> <span class="sh_symbol">+</span> <span class="sh_number">1</span><span class="sh_symbol">;</span> <span class="sh_function">dfs</span><span class="sh_symbol">(</span>y<span class="sh_symbol">);</span>
		<span class="sh_cbracket">}</span>
<span class="sh_cbracket">}</span>

<span class="sh_type">int</span> <span class="sh_function">LCA</span><span class="sh_symbol">(</span><span class="sh_type">int</span> x<span class="sh_symbol">,</span> <span class="sh_type">int</span> y<span class="sh_symbol">)</span><span class="sh_cbracket">{</span>
	<span class="sh_type">int</span> i<span class="sh_symbol">;</span>
	<span class="sh_keyword">if</span><span class="sh_symbol">(</span>dep<span class="sh_symbol">[</span>x<span class="sh_symbol">]</span> <span class="sh_symbol">&lt;</span> dep<span class="sh_symbol">[</span>y<span class="sh_symbol">])</span> <span class="sh_function">swap</span><span class="sh_symbol">(</span>x<span class="sh_symbol">,</span> y<span class="sh_symbol">);</span>
	<span class="sh_keyword">for</span><span class="sh_symbol">(</span>i <span class="sh_symbol">=</span> <span class="sh_number">17</span><span class="sh_symbol">;</span> i <span class="sh_symbol">&gt;=</span> <span class="sh_number">0</span><span class="sh_symbol">;</span> i<span class="sh_symbol">--)</span>
		<span class="sh_keyword">if</span><span class="sh_symbol">(</span>dep<span class="sh_symbol">[</span>x<span class="sh_symbol">]</span> <span class="sh_symbol">-</span> <span class="sh_symbol">(</span><span class="sh_number">1</span> <span class="sh_symbol">&lt;&lt;</span> i<span class="sh_symbol">)</span> <span class="sh_symbol">&gt;=</span> dep<span class="sh_symbol">[</span>y<span class="sh_symbol">])</span>
			x <span class="sh_symbol">=</span> P<span class="sh_symbol">[</span>x<span class="sh_symbol">][</span>i<span class="sh_symbol">];</span>
	<span class="sh_keyword">if</span><span class="sh_symbol">(</span>x <span class="sh_symbol">==</span> y<span class="sh_symbol">)</span> <span class="sh_keyword">return</span> x<span class="sh_symbol">;</span>
	<span class="sh_keyword">for</span><span class="sh_symbol">(</span>i <span class="sh_symbol">=</span> <span class="sh_number">17</span><span class="sh_symbol">;</span> i <span class="sh_symbol">&gt;=</span> <span class="sh_number">0</span><span class="sh_symbol">;</span> i<span class="sh_symbol">--)</span>
		<span class="sh_keyword">if</span><span class="sh_symbol">(</span>P<span class="sh_symbol">[</span>x<span class="sh_symbol">][</span>i<span class="sh_symbol">]</span> <span class="sh_symbol">!=</span> P<span class="sh_symbol">[</span>y<span class="sh_symbol">][</span>i<span class="sh_symbol">])</span><span class="sh_cbracket">{</span>
			x <span class="sh_symbol">=</span> P<span class="sh_symbol">[</span>x<span class="sh_symbol">][</span>i<span class="sh_symbol">];</span> y <span class="sh_symbol">=</span> P<span class="sh_symbol">[</span>y<span class="sh_symbol">][</span>i<span class="sh_symbol">];</span>
		<span class="sh_cbracket">}</span>
	<span class="sh_keyword">return</span> P<span class="sh_symbol">[</span>x<span class="sh_symbol">][</span><span class="sh_number">0</span><span class="sh_symbol">];</span>
<span class="sh_cbracket">}</span></code></pre>
</template>
